UID,Condition,Index,Time,Player_X,Player_Y,Player_Z,Left_X,Left_Y,Left_Z,LeftRot_X,LeftRot_Y,LeftRot_Z,LeftRot_W,Right_X,Right_Y,Right_Z,RightRot_X,RightRot_Y,RightRot_Z,RightRot_W,GazeObject,GP_X,GP_Y,GP_Z,GO_X,GO_Y,GO_Z,GZ_X,GZ_Y,GZ_Z,RE_X,RE_Y,RE_Z,RED_X,RED_Y,RED_Z,LE_X,LE_Y,LE_Z,LED_X,LED_Y,LED_Z,H_X,H_Y,H_Z,HR_X,HR_Y,HR_Z,Blinking,BlinkCount,EventTriggered
4,Right_Head_Close,0,15.71999,-0.006605886,1.569279,0.009912599,-0.06789962,1.344177,0.1699892,-0.6814347,-0.09915943,-0.003541332,0.7251219,0.2421092,1.281011,0.3653611,0.3120428,0.07205528,0.1011474,-0.9419165,Cube,-0.07490817,1.372674,0.2497332,-0.006639715,1.569334,0.009936615,-0.04092115,-0.09839276,0.994306,0.0249745,1.568322,0.0111099,-0.04069317,-0.09894788,0.9942602,-0.03818627,1.570236,0.0087153,-0.04069317,-0.09894788,0.9942602,-0.006605886,1.569279,0.009912599,5.678588,357.6563,358.2572,0,3,False
4,Right_Head_Close,1,15.73999,-0.006517922,1.569139,0.009823248,-0.0680138,1.344229,0.1700309,-0.6810668,-0.09935043,-0.00335078,0.7254422,0.2421091,1.281367,0.3671896,0.3049406,0.065042,0.09739555,-0.9451428,Cube,-0.07490817,1.372674,0.2497332,-0.006585519,1.569249,0.009884322,-0.04027168,-0.09931452,0.9942408,0.02506416,1.56823,0.01101332,-0.04033981,-0.1000473,0.9941646,-0.0381,1.570047,0.00863318,-0.04033981,-0.1000473,0.9941646,-0.006517922,1.569139,0.009823248,5.741898,357.6764,358.3452,0,3,False
4,Right_Head_Close,2,15.75999,-0.006512433,1.569111,0.009785435,-0.06802359,1.344236,0.1700442,-0.680993,-0.09933075,-0.003344633,0.7255141,0.2421521,1.281335,0.367301,0.3045833,0.06349862,0.09730168,-0.9453726,Cube,-0.07490817,1.372674,0.2497332,-0.006517922,1.569139,0.009823248,-0.0403403,-0.1000474,0.9941646,0.02507011,1.568201,0.01096213,-0.03992481,-0.1000959,0.9941764,-0.03809498,1.570021,0.00860874,-0.03992481,-0.1000959,0.9941764,-0.006512433,1.569111,0.009785435,5.744693,357.7003,358.3424,0,3,False
4,Right_Head_Close,3,15.77999,-0.006487336,1.56912,0.009707333,-0.0680621,1.344298,0.1701296,-0.6806605,-0.09940998,-0.003370088,0.7258151,0.2429931,1.281136,0.3694067,0.2974014,0.04387616,0.09441429,-0.9490591,Cube,-0.07490817,1.372674,0.2497332,-0.006502611,1.569119,0.009740771,-0.04012403,-0.1000689,0.9941711,0.02509487,1.568201,0.010886,-0.04001755,-0.100169,0.9941654,-0.03806955,1.570039,0.008528667,-0.04001755,-0.100169,0.9941654,-0.006487336,1.56912,0.009707333,5.7489,357.6949,358.326,0,3,False
4,Right_Head_Close,4,15.79999,-0.00642585,1.569131,0.009667721,-0.06808606,1.344333,0.1701436,-0.6806185,-0.09944799,-0.003359598,0.7258493,0.243356,1.280938,0.3699762,0.2948439,0.0352408,0.09470103,-0.9501878,Cube,-0.07490817,1.372674,0.2497332,-0.006487336,1.56912,0.009707333,-0.04001791,-0.100169,0.9941654,0.02515636,1.568214,0.01084762,-0.04004868,-0.1000687,0.9941742,-0.03800806,1.570048,0.008487824,-0.04004868,-0.1000687,0.9941742,-0.00642585,1.569131,0.009667721,5.743126,357.6932,358.3289,0,3,False
4,Right_Head_Close,5,15.81999,-0.006380279,1.569209,0.009599643,-0.06814752,1.344452,0.1701541,-0.6804506,-0.09964188,-0.003313128,0.7259805,0.2426887,1.281366,0.3709506,0.2901664,0.04581073,0.09359855,-0.9512855,MathCanvas,-0.03318848,1.502141,0.6745315,-0.006375201,1.569164,0.009626491,-0.03987986,-0.099723,0.9942157,0.02520201,1.568292,0.01077749,-0.03996857,-0.0994665,0.9942378,-0.03796256,1.570127,0.008421798,-0.03996857,-0.0994665,0.9942378,-0.006380279,1.569209,0.009599643,5.70845,357.6979,358.3292,0,3,False
4,Right_Head_Close,6,15.83999,-0.006401949,1.569258,0.009570606,-0.06816428,1.344532,0.170183,-0.6803173,-0.09970652,-0.003276497,0.7260966,0.2428492,1.281113,0.3697687,0.2967503,0.04839296,0.09599382,-0.9488849,MathCanvas,-0.03690438,1.492881,0.7705726,-0.006380279,1.569209,0.009599643,-0.0399686,-0.0994665,0.9942378,0.02517998,1.568337,0.01075513,-0.04018139,-0.09911872,0.994264,-0.03798388,1.570179,0.008386086,-0.04018139,-0.09911872,0.994264,-0.006401949,1.569258,0.009570606,5.688425,357.6858,358.3227,0,3,False
4,Right_Head_Close,7,15.85999,-0.006397307,1.569283,0.009539269,-0.06816428,1.344532,0.170183,-0.6803173,-0.09970652,-0.003276497,0.7260966,0.2428492,1.281113,0.3697687,0.2967503,0.04839296,0.09599382,-0.9488849,MathCanvas,-0.044065,1.475529,0.9464535,-0.006401949,1.569258,0.009570606,-0.04018144,-0.09911873,0.994264,0.02518455,1.568365,0.01072796,-0.04030077,-0.09901368,0.9942697,-0.03797917,1.570201,0.008350581,-0.04030077,-0.09901368,0.9942697,-0.006397307,1.569283,0.009539269,5.682377,357.6789,358.328,0,3,False
4,Right_Head_Close,8,15.87999,-0.006451588,1.569377,0.009449458,-0.06831083,1.344713,0.1702143,-0.6800015,-0.100042,-0.003010575,0.7263474,0.2427358,1.2811,0.3699494,0.2961113,0.04900587,0.09538185,-0.9491147,MathCanvas,-0.04758629,1.46768,1.028732,-0.006416999,1.569337,0.009492479,-0.04068856,-0.09892561,0.9942626,0.02512937,1.568441,0.01064828,-0.04067497,-0.09897619,0.9942582,-0.03803254,1.570312,0.00825064,-0.04067497,-0.09897619,0.9942582,-0.006451588,1.569377,0.009449458,5.680218,357.6573,358.2956,0,3,False
4,Right_Head_Close,9,15.89999,-0.006473351,1.5694,0.009399494,-0.06837187,1.344794,0.1702776,-0.6797966,-0.1001484,-0.002847429,0.7265252,0.2427434,1.281109,0.3700443,0.295623,0.04868494,0.09533267,-0.9492885,MathCanvas,-0.05084771,1.461437,1.094308,-0.006451588,1.569377,0.009449458,-0.04067509,-0.0989762,0.9942582,0.02510748,1.568474,0.01060912,-0.04097208,-0.09849496,0.9942937,-0.03805418,1.570326,0.008189871,-0.04097208,-0.09849496,0.9942937,-0.006473351,1.5694,0.009399494,5.652511,357.6404,358.3134,0,3,False
4,Right_Head_Close,10,15.91999,-0.006562334,1.569472,0.009357566,-0.06840415,1.344862,0.1703796,-0.6796228,-0.1003241,-0.002782013,0.7266638,0.2428096,1.281158,0.3700942,0.2952808,0.04848391,0.09577542,-0.9493607,MathCanvas,-0.05548719,1.450134,1.207485,-0.00653452,1.569433,0.009371507,-0.04089258,-0.09748629,0.9943964,0.0250183,1.568547,0.01057328,-0.04113849,-0.09762966,0.9943722,-0.03814296,1.570397,0.008141852,-0.04113849,-0.09762966,0.9943722,-0.006562334,1.569472,0.009357566,5.602692,357.631,358.3155,0,3,False
4,Right_Head_Close,11,15.93999,-0.006600812,1.569453,0.00937422,-0.06846708,1.344924,0.1704163,-0.6796345,-0.1005006,-0.002682757,0.7266288,0.2429197,1.281178,0.370153,0.2951401,0.04814985,0.09621216,-0.9493773,MathCanvas,-0.05781084,1.447298,1.255581,-0.006562334,1.569472,0.009357566,-0.04113855,-0.09762966,0.9943722,0.02497941,1.568522,0.01059606,-0.0413405,-0.09727913,0.9943982,-0.03818103,1.570384,0.008152376,-0.0413405,-0.09727913,0.9943982,-0.006600812,1.569453,0.00937422,5.582512,357.6194,358.3051,0,3,False
4,Right_Head_Close,12,15.95999,-0.006680023,1.569446,0.009361836,-0.06850417,1.344965,0.1704081,-0.6796678,-0.1006693,-0.002562937,0.7265748,0.2430348,1.281193,0.3701383,0.2951646,0.04811117,0.09684298,-0.9493075,MathCanvas,-0.06146532,1.439249,1.335519,-0.006639603,1.569476,0.00936057,-0.04136242,-0.09749833,0.9943758,0.02490024,1.568517,0.01058336,-0.04133774,-0.09769145,0.9943579,-0.03826028,1.570376,0.008140315,-0.04133774,-0.09769145,0.9943579,-0.006680023,1.569446,0.009361836,5.606249,357.6194,358.3068,0,3,False
4,Right_Head_Close,13,15.97999,-0.006681323,1.569419,0.009373209,-0.06852177,1.344983,0.1704126,-0.6795777,-0.1007246,-0.002438858,0.7266518,0.2431775,1.281222,0.3700158,0.2956949,0.04830924,0.09768204,-0.9490464,MathCanvas,-0.06326848,1.436058,1.36978,-0.006680023,1.569446,0.009361836,-0.04133793,-0.09769146,0.9943579,0.02489893,1.568489,0.01059481,-0.04134991,-0.09804384,0.9943227,-0.03826158,1.570349,0.008151608,-0.04134991,-0.09804384,0.9943227,-0.006681323,1.569419,0.009373209,5.626538,357.6187,358.3064,0,3,False
4,Right_Head_Close,14,15.99999,-0.006759215,1.569352,0.009363768,-0.06855065,1.345004,0.1704394,-0.6793736,-0.1008539,-0.002259094,0.7268252,0.2435428,1.281317,0.3696291,0.2973535,0.04917915,0.09993176,-0.9482489,MathCanvas,-0.06568602,1.429976,1.428692,-0.006723733,1.569396,0.009362724,-0.04122839,-0.09815783,0.9943165,0.02482157,1.568432,0.01057865,-0.04112202,-0.09855377,0.9942817,-0.03834,1.570273,0.008148884,-0.04112202,-0.09855377,0.9942817,-0.006759215,1.569352,0.009363768,5.655896,357.6317,358.3233,0,3,False
4,Right_Head_Close,15,16.01999,-0.006783548,1.56934,0.009364068,-0.06856655,1.345002,0.1704419,-0.6794198,-0.1009313,-0.002235144,0.7267714,0.2437322,1.281362,0.3695757,0.2975008,0.04904268,0.1009202,-0.948105,MathCanvas,-0.06658831,1.42691,1.452274,-0.006759215,1.569352,0.009363768,-0.04112199,-0.09855378,0.9942817,0.02479759,1.568433,0.0105803,-0.04112282,-0.09864302,0.9942728,-0.03836469,1.570247,0.008147838,-0.04112282,-0.09864302,0.9942728,-0.006783548,1.56934,0.009364068,5.661035,357.6316,358.3486,0,3,False
4,Right_Head_Close,16,16.04,-0.006818999,1.569376,0.009369374,-0.06855966,1.345011,0.1704289,-0.6794837,-0.1009865,-0.002259489,0.7267039,0.2438819,1.281454,0.3695275,0.297223,0.04895839,0.1020747,-0.948073,MathCanvas,-0.06810564,1.422374,1.492058,-0.006783548,1.56934,0.009364068,-0.04112257,-0.09864303,0.9942728,0.02476257,1.568481,0.01058331,-0.04100889,-0.09848288,0.9942934,-0.03840057,1.570271,0.008155439,-0.04100889,-0.09848288,0.9942934,-0.006818999,1.569376,0.009369374,5.651815,357.6382,358.3704,0,3,False
4,Right_Head_Close,17,16.05999,-0.006891627,1.569439,0.009376943,-0.06854258,1.345021,0.1704138,-0.6794502,-0.1010186,-0.002315655,0.7267306,0.2440709,1.281532,0.3694929,0.2970378,0.04862962,0.103367,-0.9480079,MathCanvas,-0.06887484,1.420519,1.509774,-0.006860535,1.569415,0.009376122,-0.04091945,-0.09799473,0.9943453,0.02469028,1.568557,0.01059089,-0.04095868,-0.09796646,0.9943465,-0.03847354,1.570322,0.008162993,-0.04095868,-0.09796646,0.9943465,-0.006891627,1.569439,0.009376943,5.622082,357.6412,358.3926,0,3,False
4,Right_Head_Close,18,16.07999,-0.006904042,1.569486,0.009357301,-0.06851433,1.344981,0.1704268,-0.679336,-0.1008692,-0.002508823,0.7268575,0.2444351,1.281573,0.369394,0.2976047,0.04861078,0.1053987,-0.9476073,MathCanvas,-0.06926018,1.420078,1.524935,-0.006891627,1.569439,0.009376943,-0.04095844,-0.09796647,0.9943465,0.02467784,1.568603,0.01057178,-0.0409696,-0.09768555,0.9943737,-0.03848592,1.570369,0.008142825,-0.0409696,-0.09768555,0.9943737,-0.006904042,1.569486,0.009357301,5.605909,357.6407,358.392,0,3,False
4,Right_Head_Close,19,16.09999,-0.006948624,1.56954,0.009337026,-0.06850449,1.344969,0.1704232,-0.679298,-0.100801,-0.002567988,0.7269022,0.2444853,1.281609,0.3692899,0.2980691,0.04890376,0.105877,-0.9473929,MathCanvas,-0.07036081,1.417707,1.549895,-0.006932728,1.569505,0.009338935,-0.04082545,-0.09743498,0.9944042,0.02463347,1.56866,0.01054852,-0.04085867,-0.09742925,0.9944034,-0.03853071,1.570419,0.00812553,-0.04085867,-0.09742925,0.9944034,-0.006948624,1.56954,0.009337026,5.591155,357.6471,358.3984,0,3,False
4,Right_Head_Close,20,16.12,-0.006896827,1.569637,0.009294795,-0.06846531,1.344921,0.1703924,-0.6791944,-0.100599,-0.002830431,0.727026,0.2445239,1.281707,0.36905,0.2984221,0.04907916,0.1064667,-0.9472066,MathCanvas,-0.07066169,1.417481,1.561221,-0.006948624,1.56954,0.009337026,-0.04085866,-0.09742926,0.9944034,0.02468615,1.56876,0.01048472,-0.04012954,-0.09567793,0.9946031,-0.03847981,1.570513,0.008104868,-0.04012954,-0.09567793,0.9946031,-0.006896827,1.569637,0.009294795,5.49034,357.6895,358.4033,0,3,False
4,Right_Head_Close,21,16.13999,-0.006797247,1.569858,0.009239432,-0.06841137,1.344817,0.1704074,-0.6792159,-0.1003996,-0.003149972,0.7270322,0.2447636,1.281691,0.3692181,0.2975339,0.04781345,0.1074509,-0.9474396,MathCanvas,-0.07137194,1.415893,1.578465,-0.006880943,1.569709,0.009275505,-0.03990478,-0.09493694,0.9946831,0.02478712,1.568975,0.01038706,-0.03877052,-0.09380759,0.9948351,-0.03838162,1.570741,0.008091808,-0.03877052,-0.09380759,0.9948351,-0.006797247,1.569858,0.009239432,5.382694,357.7682,358.3923,0,3,False
4,Right_Head_Close,22,16.15999,-0.006714012,1.570005,0.009215537,-0.06839827,1.34479,0.1703999,-0.6792169,-0.1003397,-0.003228214,0.7270392,0.2447847,1.281696,0.3692385,0.2972303,0.04761314,0.1076336,-0.9475242,MathCanvas,-0.07004979,1.419375,1.585892,-0.006797247,1.569858,0.009239432,-0.0387706,-0.09380759,0.9948351,0.02487148,1.569123,0.01033347,-0.03779965,-0.09257311,0.9949881,-0.0382995,1.570886,0.008097604,-0.03779965,-0.09257311,0.9949881,-0.006714012,1.570005,0.009215537,5.311654,357.8244,358.3958,0,3,False
4,Right_Head_Close,23,16.17999,-0.006309103,1.570399,0.009098354,-0.06836247,1.344735,0.1703373,-0.6793257,-0.1002995,-0.00351787,0.7269417,0.2447158,1.281833,0.3689558,0.2969379,0.04806959,0.1086784,-0.9474736,MathCanvas,-0.06861851,1.420223,1.597652,-0.006580453,1.570173,0.009173524,-0.03622542,-0.09143653,0.9951518,0.02528188,1.569551,0.01007907,-0.03330053,-0.08941492,0.9954376,-0.03790008,1.571246,0.008117635,-0.03330053,-0.08941492,0.9954376,-0.006309103,1.570399,0.009098354,5.129949,358.084,358.4584,0,3,False
4,Right_Head_Close,24,16.2,-0.006200952,1.570551,0.009052885,-0.06836039,1.344731,0.1703369,-0.6793417,-0.1002996,-0.003513277,0.7269268,0.244726,1.281834,0.3689509,0.2969589,0.04810461,0.1087518,-0.9474568,MathCanvas,-0.06428772,1.424055,1.601835,-0.006309103,1.570399,0.009098354,-0.03330074,-0.08941492,0.9954376,0.02539199,1.569716,0.009979166,-0.03152213,-0.08820343,0.9956036,-0.03779389,1.571386,0.008126603,-0.03152213,-0.08820343,0.9956036,-0.006200952,1.570551,0.009052885,5.06026,358.1866,358.4804,0,3,False
4,Right_Head_Close,25,16.21999,-0.005792156,1.570928,0.008924874,-0.0683202,1.344686,0.1703091,-0.6795489,-0.1003342,-0.003666703,0.7267275,0.244822,1.28184,0.3689097,0.2969897,0.0484134,0.1094136,-0.9473552,MathCanvas,-0.05974269,1.426788,1.609539,-0.006200952,1.570551,0.009052885,-0.03152222,-0.08820342,0.9956036,0.02580531,1.570135,0.009725676,-0.02739586,-0.08588579,0.9959283,-0.03738962,1.571721,0.008124073,-0.02739586,-0.08588579,0.9959283,-0.005792156,1.570928,0.008924874,4.926964,358.4243,358.5576,0,3,False
4,Right_Head_Close,26,16.23999,-0.005383,1.571313,0.00876191,-0.06831032,1.344671,0.1703058,-0.6796027,-0.1003415,-0.00367929,0.7266762,0.2448544,1.281865,0.3688654,0.2971064,0.04844737,0.1095968,-0.9472958,MathCanvas,-0.05655533,1.428886,1.612231,-0.005567566,1.571132,0.00884024,-0.02506165,-0.08435316,0.9961207,0.02621906,1.57057,0.009416008,-0.02256775,-0.08278077,0.9963122,-0.03698505,1.572056,0.008107811,-0.02256775,-0.08278077,0.9963122,-0.005383,1.571313,0.00876191,4.748424,358.7024,358.6489,0,3,False
4,Right_Head_Close,27,16.25999,-0.004959001,1.571509,0.008537641,-0.06825196,1.344603,0.1703103,-0.6796265,-0.10022,-0.00376964,0.7266703,0.2449189,1.282001,0.3687239,0.2974525,0.04815171,0.109692,-0.9471912,MathCanvas,-0.04573342,1.4355,1.612558,-0.005383,1.571313,0.00876191,-0.02256802,-0.08278079,0.9963122,0.02664571,1.570801,0.00909438,-0.01937736,-0.08135621,0.9964967,-0.03656372,1.572217,0.007980902,-0.01937736,-0.08135621,0.9964967,-0.004959001,1.571509,0.008537641,4.666525,358.886,358.712,0,3,False
4,Right_Head_Close,28,16.27999,-0.00458559,1.57184,0.008250779,-0.068123,1.344461,0.1703076,-0.679609,-0.09982733,-0.003991041,0.7267394,0.2449359,1.281994,0.3685721,0.2980679,0.04829402,0.1098485,-0.9469723,MathCanvas,-0.04139331,1.437866,1.617003,-0.004711464,1.571734,0.008376693,-0.01694255,-0.07984902,0.996663,0.02702219,1.571172,0.008665832,-0.01474581,-0.07845832,0.9968084,-0.03619337,1.572507,0.007835725,-0.01474581,-0.07845832,0.9968084,-0.00458559,1.57184,0.008250779,4.499956,359.1525,358.7869,0,3,False
4,Right_Head_Close,29,16.29999,-0.004415523,1.571976,0.00817309,-0.06809783,1.344437,0.1702974,-0.6795869,-0.09972687,-0.004048213,0.7267736,0.2449338,1.282017,0.3685668,0.2980817,0.04833994,0.109825,-0.9469684,MathCanvas,-0.0319328,1.442955,1.616969,-0.00458559,1.57184,0.008250779,-0.01474566,-0.07845834,0.9968084,0.0271932,1.571321,0.008532518,-0.012933,-0.0770551,0.9969429,-0.03602425,1.572631,0.007813663,-0.012933,-0.0770551,0.9969429,-0.004415523,1.571976,0.00817309,4.419313,359.2568,358.8095,0,3,False
4,Right_Head_Close,30,16.31999,-0.004199065,1.572335,0.008043491,-0.06799603,1.344342,0.1702367,-0.6795907,-0.09942293,-0.004300091,0.7268103,0.2448658,1.282075,0.3686583,0.2974475,0.04798531,0.1093692,-0.9472385,MathCanvas,-0.0282633,1.445087,1.620284,-0.004238577,1.572133,0.008030036,-0.01075046,-0.07568278,0.997074,0.02741021,1.571677,0.008343524,-0.01101333,-0.07434087,0.9971721,-0.03580834,1.572993,0.007743459,-0.01101333,-0.07434087,0.9971721,-0.004199065,1.572335,0.008043491,4.263351,359.3672,358.8036,0,3,False
4,Right_Head_Close,31,16.33999,-0.003933165,1.572475,0.007921807,-0.06798731,1.344333,0.1702334,-0.6795934,-0.09938507,-0.004324641,0.7268128,0.2448515,1.282066,0.3686851,0.2972986,0.04791535,0.1092902,-0.9472979,MathCanvas,-0.02158177,1.449963,1.620216,-0.004199065,1.572335,0.008043491,-0.01101354,-0.07434087,0.9971721,0.02767675,1.571828,0.008175997,-0.009506198,-0.07263914,0.997313,-0.03554308,1.573122,0.007667616,-0.009506198,-0.07263914,0.997313,-0.003933165,1.572475,0.007921807,4.165585,359.4539,358.8247,0,3,False
4,Right_Head_Close,32,16.35999,-0.004090436,1.573029,0.007736082,-0.0678907,1.344233,0.1701797,-0.6796959,-0.09911953,-0.004515898,0.726752,0.2447085,1.282037,0.3687552,0.2966634,0.04748788,0.1083857,-0.9476224,MathCanvas,-0.02178165,1.451999,1.62392,-0.004086594,1.572785,0.007834948,-0.01154303,-0.07005135,0.9974766,0.0275186,1.572382,0.008082212,-0.01232032,-0.06821821,0.9975944,-0.03569947,1.573676,0.007389953,-0.01232032,-0.06821821,0.9975944,-0.004090436,1.573029,0.007736082,3.911654,359.2924,358.8247,0,3,False
4,Right_Head_Close,33,16.37999,-0.004439268,1.573328,0.007632383,-0.0678319,1.344167,0.1701747,-0.6796536,-0.09904327,-0.004595872,0.7268015,0.2446285,1.282096,0.3685251,0.2973282,0.04813199,0.1079674,-0.9474293,MathCanvas,-0.02281636,1.459387,1.625903,-0.004090436,1.573029,0.007736082,-0.01232035,-0.06821821,0.9975944,0.02716795,1.572675,0.008108796,-0.01638553,-0.06517135,0.9977396,-0.03604648,1.573981,0.00715597,-0.01638553,-0.06517135,0.9977396,-0.004439268,1.573328,0.007632383,3.736691,359.0591,358.8138,0,3,False
4,Right_Head_Close,34,16.39999,-0.00546588,1.573653,0.007190738,-0.06776856,1.344067,0.170157,-0.6795553,-0.09893317,-0.004615918,0.7269083,0.2445463,1.282109,0.3683672,0.2978228,0.04835358,0.1074361,-0.9473231,MathCanvas,-0.02446768,1.462431,1.629342,-0.004738281,1.573557,0.007455067,-0.01946851,-0.06313661,0.997815,0.02613673,1.572955,0.007866688,-0.0227075,-0.06175664,0.9978329,-0.03706849,1.574351,0.006514788,-0.0227075,-0.06175664,0.9978329,-0.00546588,1.573653,0.007190738,3.540648,358.6964,358.7319,0,3,False
4,Right_Head_Close,35,16.41999,-0.005804136,1.573824,0.006978321,-0.06769876,1.343968,0.1701426,-0.6795641,-0.09875822,-0.004700251,0.7269232,0.2445582,1.282107,0.3683463,0.2978735,0.04835052,0.1073749,-0.9473142,MathCanvas,-0.03721589,1.470688,1.634461,-0.00546588,1.573653,0.007190738,-0.02270768,-0.06175666,0.9978329,0.02579536,1.573119,0.007780688,-0.026686,-0.06044926,0.9978145,-0.03740363,1.57453,0.006175955,-0.026686,-0.06044926,0.9978145,-0.005804136,1.573824,0.006978321,3.465601,358.468,358.7189,0,3,False
4,Right_Head_Close,36,16.43999,-0.006131864,1.574003,0.006813914,-0.06767631,1.343939,0.1701384,-0.6795682,-0.09869322,-0.004744496,0.7269279,0.2445698,1.282107,0.3683438,0.2979009,0.0483294,0.1073368,-0.947311,MathCanvas,-0.04293349,1.472846,1.638533,-0.005804136,1.573824,0.006978321,-0.02668591,-0.06044926,0.9978145,0.02546479,1.573291,0.007715866,-0.02981094,-0.05885953,0.997821,-0.03772851,1.574716,0.005911962,-0.02981094,-0.05885953,0.997821,-0.006131864,1.574003,0.006813914,3.374353,358.2887,358.7064,0,3,False
4,Right_Head_Close,37,16.45999,-0.007002011,1.574293,0.006477172,-0.06749284,1.343731,0.1701122,-0.6794498,-0.0982733,-0.004975815,0.7270939,0.2446923,1.282089,0.3684368,0.2974942,0.04762454,0.1069571,-0.9475175,MathCanvas,-0.04985291,1.474966,1.641584,-0.006574083,1.574115,0.006621887,-0.03390023,-0.05754375,0.9977673,0.02458675,1.573585,0.00762533,-0.03753275,-0.05663342,0.9976893,-0.03859077,1.575002,0.005329015,-0.03753275,-0.05663342,0.9976893,-0.007002011,1.574293,0.006477172,3.246593,357.8456,358.7144,0,3,False
4,Right_Head_Close,38,16.47999,-0.007387795,1.574356,0.0062944,-0.06741995,1.343664,0.1701032,-0.6794022,-0.09812324,-0.005021517,0.7271584,0.2447104,1.282083,0.368445,0.2975017,0.04756553,0.1069273,-0.9475214,MathCanvas,-0.06271505,1.479724,1.646248,-0.007002011,1.574293,0.006477172,-0.03753258,-0.05663342,0.9976893,0.02419623,1.573642,0.007562873,-0.04131365,-0.05516795,0.997622,-0.03897182,1.57507,0.005025927,-0.04131365,-0.05516795,0.997622,-0.007387795,1.574356,0.0062944,3.162496,357.6286,358.7039,0,3,False
4,Right_Head_Close,39,16.49999,-0.008084282,1.574649,0.006029041,-0.06732456,1.34358,0.1700572,-0.6794366,-0.09801868,-0.005176689,0.7271393,0.2447147,1.282081,0.3684025,0.2976804,0.04774778,0.1068239,-0.9474678,MathCanvas,-0.06919551,1.481094,1.649261,-0.007732555,1.574513,0.006176503,-0.04448503,-0.05429947,0.9975333,0.02349029,1.573924,0.00750871,-0.04796798,-0.05336839,0.9974221,-0.03965886,1.575374,0.004549373,-0.04796798,-0.05336839,0.9974221,-0.008084282,1.574649,0.006029041,3.059237,357.2466,358.6834,0,3,False
4,Right_Head_Close,40,16.51999,-0.00864166,1.574865,0.006015014,-0.06717446,1.34346,0.1699356,-0.679714,-0.09774677,-0.005494282,0.7269143,0.2446786,1.282098,0.3683296,0.2977979,0.04800828,0.106637,-0.9474388,MathCanvas,-0.08154315,1.484983,1.653272,-0.008084282,1.574649,0.006029041,-0.04796805,-0.0533684,0.9974221,0.02292867,1.574157,0.007590873,-0.05095154,-0.05215625,0.9973383,-0.04021199,1.575572,0.004439155,-0.05095154,-0.05215625,0.9973383,-0.00864166,1.574865,0.006015014,2.98969,357.0754,358.7163,0,3,False
4,Right_Head_Close,41,16.53999,-0.00973741,1.575339,0.005865566,-0.06709754,1.343404,0.169859,-0.6799403,-0.09755217,-0.005714502,0.726727,0.2446721,1.282098,0.3683187,0.297765,0.04804397,0.1063993,-0.947474,MathCanvas,-0.08795354,1.486624,1.655183,-0.009153921,1.575098,0.005885039,-0.05450663,-0.05067512,0.9972267,0.02181587,1.57459,0.007736248,-0.06025801,-0.04841039,0.9970082,-0.04129069,1.576088,0.003994884,-0.06025801,-0.04841039,0.9970082,-0.00973741,1.575339,0.005865566,2.774796,356.5413,358.6412,0,3,False
4,Right_Head_Close,42,16.55999,-0.01041291,1.575423,0.005723222,-0.06707656,1.343379,0.169827,-0.6799984,-0.09754242,-0.005790394,0.7266733,0.24466,1.282095,0.3682729,0.2979163,0.04801629,0.1061691,-0.9474537,MathCanvas,-0.1000735,1.491353,1.658607,-0.00973741,1.575339,0.005865566,-0.06025812,-0.04841041,0.9970082,0.02112674,1.574623,0.007791979,-0.06654624,-0.0460833,0.9967186,-0.04195255,1.576223,0.003654466,-0.06654624,-0.0460833,0.9967186,-0.01041291,1.575423,0.005723222,2.641314,356.1803,358.5482,0,3,False
4,Right_Head_Close,43,16.57999,-0.01197358,1.575659,0.005513582,-0.06707029,1.343338,0.1697892,-0.68005,-0.0974853,-0.005905997,0.7266318,0.2446001,1.282065,0.3681574,0.2983261,0.04831847,0.1059398,-0.9473351,MathCanvas,-0.1104452,1.495059,1.660819,-0.01105011,1.575615,0.005629761,-0.07106429,-0.04437398,0.9964842,0.0195277,1.574732,0.008059034,-0.08174739,-0.04388227,0.9956865,-0.04347487,1.576586,0.002968131,-0.08174739,-0.04388227,0.9956865,-0.01197358,1.575659,0.005513582,2.515076,355.3065,358.3184,0,3,False
4,Right_Head_Close,44,16.59999,-0.01290033,1.575805,0.00540689,-0.06706864,1.343324,0.1697844,-0.6800577,-0.09747455,-0.005933579,0.7266257,0.2445956,1.282061,0.3681481,0.2983379,0.04833873,0.1058845,-0.9473365,MathCanvas,-0.1304007,1.50171,1.666131,-0.01197358,1.575659,0.005513582,-0.08174719,-0.04388226,0.9956866,0.01857963,1.574838,0.008190049,-0.0892895,-0.04274973,0.9950879,-0.0443803,1.576772,0.00262373,-0.0892895,-0.04274973,0.9950879,-0.01290033,1.575805,0.00540689,2.450126,354.8726,358.2456,0,3,False
4,Right_Head_Close,45,16.61999,-0.01383753,1.575682,0.005193496,-0.0670607,1.343272,0.1697798,-0.6800897,-0.09740692,-0.006003339,0.7266044,0.2445819,1.28204,0.3681357,0.2982541,0.04823297,0.1055842,-0.9474017,MathCanvas,-0.1495527,1.502449,1.66984,-0.01290033,1.575805,0.00540689,-0.08928961,-0.04274973,0.9950879,0.01760292,1.574596,0.008353817,-0.1013245,-0.04075832,0.9940181,-0.04527799,1.576768,0.002033175,-0.1013245,-0.04075832,0.9940181,-0.01383753,1.575682,0.005193496,2.335927,354.1797,358.0296,0,3,False
4,Right_Head_Close,46,16.63999,-0.01588356,1.575918,0.004982131,-0.06703909,1.343192,0.1697915,-0.679999,-0.09729824,-0.006044853,0.7267034,0.2445232,1.28202,0.3681125,0.2981852,0.04818492,0.1054161,-0.9474446,MathCanvas,-0.1634625,1.504045,1.672688,-0.01483906,1.575859,0.00511774,-0.1132621,-0.04107926,0.9927155,0.01547917,1.574684,0.008793429,-0.1220793,-0.03968769,0.9917265,-0.04724629,1.577152,0.001170832,-0.1220793,-0.03968769,0.9917265,-0.01588356,1.575918,0.004982131,2.274535,352.9823,357.7614,0,3,False
4,Right_Head_Close,47,16.65999,-0.01699252,1.575945,0.004684026,-0.06697389,1.343045,0.1698236,-0.6796077,-0.09690446,-0.006094266,0.7271215,0.2443617,1.281976,0.3680616,0.2980192,0.04819344,0.1050837,-0.9475333,MathCanvas,-0.2074545,1.506437,1.684055,-0.01588356,1.575918,0.004982131,-0.1220794,-0.0396877,0.9917265,0.01431082,1.574561,0.008909598,-0.1353962,-0.03979785,0.9899919,-0.04829586,1.577329,0.0004584542,-0.1353962,-0.03979785,0.9899919,-0.01699252,1.575945,0.004684026,2.280851,352.2122,357.4896,0,3,False
4,Right_Head_Close,48,16.67999,-0.01864703,1.575828,0.004354167,-0.06694399,1.342963,0.1698382,-0.6795641,-0.09665906,-0.006137818,0.7271946,0.2443318,1.281956,0.3680599,0.297973,0.04821331,0.104818,-0.9475763,MathCanvas,-0.2237494,1.508729,1.684297,-0.01792831,1.575865,0.004499845,-0.1458742,-0.03895725,0.9885358,0.01254691,1.574211,0.009252544,-0.1569724,-0.03875905,0.9868422,-0.04984097,1.577444,-0.0005442104,-0.1569724,-0.03875905,0.9868422,-0.01864703,1.575828,0.004354167,2.221287,350.9619,357.0668,0,3,False
4,Right_Head_Close,49,16.69999,-0.01946177,1.576066,0.004206353,-0.06692865,1.342917,0.1698208,-0.6795095,-0.09659877,-0.006136265,0.7272537,0.2443077,1.281923,0.3680218,0.2981319,0.04835076,0.1047418,-0.9475277,MathCanvas,-0.2680225,1.509229,1.694278,-0.01864703,1.575828,0.004354167,-0.1569723,-0.03875906,0.9868422,0.01168184,1.574374,0.009390987,-0.1661337,-0.03860296,0.9853473,-0.05060538,1.577759,-0.0009782808,-0.1661337,-0.03860296,0.9853473,-0.01946177,1.576066,0.004206353,2.212336,350.4297,356.929,0,3,False
4,Right_Head_Close,50,16.71999,-0.02088596,1.576499,0.003945361,-0.06688936,1.342844,0.1698008,-0.679423,-0.09665804,-0.006209746,0.727326,0.244289,1.281863,0.3679552,0.2984556,0.04852334,0.1046828,-0.9474235,MathCanvas,-0.2880869,1.509738,1.692977,-0.02028226,1.576002,0.004008255,-0.1759477,-0.0374152,0.9836882,0.01018121,1.57467,0.009527173,-0.1789097,-0.03866901,0.9831053,-0.05195314,1.578327,-0.001636451,-0.1789097,-0.03866901,0.9831053,-0.02088596,1.576499,0.003945361,2.216123,349.6859,356.682,0,3,False
4,Right_Head_Close,51,16.73999,-0.02124862,1.576241,0.003797165,-0.06688228,1.342838,0.1698007,-0.6794348,-0.09666041,-0.006236374,0.7273144,0.2442921,1.28186,0.367953,0.2984619,0.04853541,0.1046821,-0.947421,MathCanvas,-0.3240124,1.512039,1.698663,-0.02088596,1.576499,0.003945361,-0.1789099,-0.038669,0.9831052,0.009761024,1.574371,0.009677283,-0.1882743,-0.03595708,0.9814581,-0.05225826,1.57811,-0.002082953,-0.1882743,-0.03595708,0.9814581,-0.02124862,1.576241,0.003797165,2.060633,349.1408,356.6077,0,3,False
4,Right_Head_Close,52,16.75999,-0.02183914,1.576468,0.003698291,-0.06685701,1.342755,0.1698132,-0.6795885,-0.09643663,-0.006513089,0.7271981,0.2443123,1.281821,0.3679762,0.2985258,0.04870403,0.1048164,-0.9473773,MathCanvas,-0.328181,1.509901,1.690383,-0.02176533,1.576345,0.003726052,-0.1964548,-0.03582309,0.9798583,0.009152349,1.574579,0.009667273,-0.1911391,-0.03641345,0.9808873,-0.05283063,1.578357,-0.00227069,-0.1911391,-0.03641345,0.9808873,-0.02183914,1.576468,0.003698291,2.086798,348.9733,356.5724,0,3,False
4,Right_Head_Close,53,16.77999,-0.02193173,1.576394,0.003660921,-0.06687462,1.342694,0.1698216,-0.6796225,-0.09639337,-0.006600604,0.7271714,0.2443106,1.281802,0.3680447,0.2984091,0.0486214,0.1048484,-0.9474148,MathCanvas,-0.3607985,1.51466,1.694327,-0.02183914,1.576468,0.003698291,-0.1911391,-0.03641345,0.9808873,0.009053992,1.574543,0.0096714,-0.1923891,-0.03626269,0.9806485,-0.05291744,1.578246,-0.002349559,-0.1923891,-0.03626269,0.9806485,-0.02193173,1.576394,0.003660921,2.078155,348.9004,356.6403,0,3,False
4,Right_Head_Close,54,16.79999,-0.02203335,1.576295,0.003535052,-0.06685828,1.342662,0.1698026,-0.6796726,-0.0963276,-0.006724413,0.727132,0.2443297,1.281786,0.3680915,0.2982862,0.04847926,0.1048495,-0.9474607,MathCanvas,-0.3488002,1.514123,1.681084,-0.02193173,1.576394,0.003660921,-0.1923893,-0.0362627,0.9806485,0.00896218,1.574479,0.009505764,-0.1911215,-0.03715413,0.980863,-0.05302889,1.578111,-0.00243566,-0.1911215,-0.03715413,0.980863,-0.02203335,1.576295,0.003535052,2.129265,348.9741,356.7054,0,3,False
4,Right_Head_Close,55,16.81999,-0.02234839,1.576159,0.003410104,-0.0668196,1.342642,0.169753,-0.6797242,-0.09610904,-0.00681147,0.7271119,0.2443938,1.281752,0.3680913,0.2983215,0.048573,0.1049775,-0.9474306,MathCanvas,-0.3501475,1.51445,1.676,-0.02218447,1.576232,0.003463088,-0.1933081,-0.037315,0.9804283,0.008669827,1.57441,0.009282095,-0.1880323,-0.03999782,0.9813481,-0.05336661,1.577908,-0.002461886,-0.1880323,-0.03999782,0.9813481,-0.02234839,1.576159,0.003410104,2.292318,349.1532,356.8262,0,3,False
4,Right_Head_Close,56,16.83999,-0.02229211,1.576052,0.003411994,-0.06682119,1.342626,0.1697443,-0.6797145,-0.09608578,-0.006816071,0.727124,0.2444113,1.281739,0.368093,0.2983297,0.04865067,0.1050391,-0.9474172,MathCanvas,-0.3512756,1.512665,1.671677,-0.02234839,1.576159,0.003410104,-0.1880325,-0.03999783,0.981348,0.008737264,1.574335,0.009234277,-0.1864668,-0.04124719,0.981595,-0.05332149,1.577769,-0.002410289,-0.1864668,-0.04124719,0.981595,-0.02229211,1.576052,0.003411994,2.363961,349.2441,356.8842,0,3,False
4,Right_Head_Close,57,16.85999,-0.02153852,1.575765,0.003603725,-0.06681826,1.342537,0.1697135,-0.6797258,-0.09598884,-0.006858472,0.7271258,0.2444732,1.281689,0.368099,0.2983237,0.04881407,0.1050951,-0.9474044,MathCanvas,-0.3399057,1.50849,1.661048,-0.02196598,1.575902,0.003483689,-0.1815134,-0.04276967,0.9824579,0.009554714,1.574147,0.009104824,-0.1762699,-0.04404499,0.9833559,-0.05263176,1.577383,-0.001897374,-0.1762699,-0.04404499,0.9833559,-0.02153852,1.575765,0.003603725,2.524409,349.8375,357.0638,0,3,False
4,Right_Head_Close,58,16.87999,-0.02111049,1.575636,0.003718624,-0.06680322,1.342513,0.1697026,-0.6797829,-0.09597778,-0.00687838,0.7270737,0.244508,1.281667,0.3680913,0.2982827,0.04879555,0.1051051,-0.9474172,MathCanvas,-0.3265548,1.503894,1.654533,-0.02153852,1.575765,0.003603725,-0.1762701,-0.04404499,0.9833559,0.0100137,1.574076,0.009059144,-0.1711553,-0.04549802,0.984193,-0.05223469,1.577196,-0.001621897,-0.1711553,-0.04549802,0.984193,-0.02111049,1.575636,0.003718624,2.607745,350.1347,357.1693,0,3,False
4,Right_Head_Close,59,16.89999,-0.0197754,1.575161,0.004137513,-0.06679593,1.342441,0.1696805,-0.6797522,-0.09591169,-0.006855868,0.7271114,0.2444878,1.281667,0.3681025,0.2982229,0.04871457,0.1051268,-0.9474378,MathCanvas,-0.3154834,1.50208,1.645932,-0.02024218,1.575403,0.003977877,-0.1651673,-0.04721542,0.9851347,0.01141369,1.573724,0.009122021,-0.1598151,-0.04874216,0.9859428,-0.05096449,1.576598,-0.0008469941,-0.1598151,-0.04874216,0.9859428,-0.0197754,1.575161,0.004137513,2.793827,350.7928,357.3918,0,3,False
4,Right_Head_Close,60,16.91999,-0.01931546,1.574991,0.004223783,-0.06679593,1.342441,0.1696805,-0.6797522,-0.09591169,-0.006855868,0.7271114,0.2444821,1.281668,0.3681056,0.2982136,0.04870633,0.1051201,-0.9474419,MathCanvas,-0.2939093,1.496796,1.639198,-0.0197754,1.575161,0.004137513,-0.1598155,-0.04874217,0.9859428,0.01189833,1.57361,0.009067688,-0.1553199,-0.05010406,0.9865928,-0.05052926,1.576371,-0.0006201235,-0.1553199,-0.05010406,0.9865928,-0.01931546,1.574991,0.004223783,2.871954,351.0533,357.4947,0,3,False
4,Right_Head_Close,61,16.93999,-0.01856609,1.574844,0.00447303,-0.06676825,1.342328,0.1696738,-0.6795897,-0.09567517,-0.006826252,0.7272947,0.2444525,1.28166,0.3681384,0.2980972,0.04850925,0.1050859,-0.9474924,MathCanvas,-0.2833452,1.494464,1.633092,-0.01931546,1.574991,0.004223783,-0.1553201,-0.05010406,0.9865928,0.01269496,1.573525,0.009020117,-0.1459552,-0.05380392,0.987827,-0.04982714,1.576163,-7.405784E-05,-0.1459552,-0.05380392,0.987827,-0.01856609,1.574844,0.00447303,3.084227,351.5952,357.6053,0,3,False
4,Right_Head_Close,62,16.95999,-0.01735681,1.574386,0.004694242,-0.06672343,1.342235,0.1697357,-0.6792609,-0.09547498,-0.006802623,0.7276284,0.2444824,1.281665,0.368171,0.2981374,0.04850593,0.1053258,-0.9474533,MathCanvas,-0.2744604,1.492296,1.629912,-0.01799951,1.574664,0.004588752,-0.1375455,-0.05598406,0.988912,0.01398079,1.573197,0.008720494,-0.1293751,-0.0577555,0.9899123,-0.04869441,1.575575,0.0006679911,-0.1293751,-0.0577555,0.9899123,-0.01735681,1.574386,0.004694242,3.310989,352.554,357.8413,0,3,False
4,Right_Head_Close,63,16.97999,-0.01653668,1.574183,0.004910445,-0.06672008,1.342225,0.169747,-0.6792282,-0.09547238,-0.006801934,0.7276592,0.2444717,1.281675,0.3681832,0.2981454,0.04850786,0.1053573,-0.9474472,MathCanvas,-0.2424127,1.482783,1.62278,-0.01735681,1.574386,0.004694242,-0.1293752,-0.0577555,0.9899123,0.01482649,1.573056,0.008751052,-0.1234419,-0.05957995,0.9905616,-0.04789985,1.575311,0.001069838,-0.1234419,-0.05957995,0.9905616,-0.01653668,1.574183,0.004910445,3.415703,352.8965,357.9529,0,3,False
4,Right_Head_Close,64,16.99999,-0.01503168,1.57386,0.005144337,-0.06671225,1.342189,0.1698201,-0.6790538,-0.09551722,-0.006740153,0.7278165,0.2444308,1.281719,0.3682481,0.2983437,0.04858389,0.1056492,-0.9473484,MathCanvas,-0.227427,1.480038,1.618533,-0.01576388,1.57397,0.00501266,-0.1136431,-0.06141588,0.9916216,0.01640715,1.572896,0.008360124,-0.1034931,-0.06421473,0.9925551,-0.04647052,1.574823,0.001928549,-0.1034931,-0.06421473,0.9925551,-0.01503168,1.57386,0.005144337,3.681766,354.0473,358.2505,0,3,False
4,Right_Head_Close,65,17.01999,-0.0141123,1.573613,0.005301569,-0.06671306,1.34219,0.1698228,-0.6790441,-0.09551917,-0.006737669,0.7278255,0.2444342,1.281718,0.3682488,0.2983559,0.04858609,0.105672,-0.9473419,MathCanvas,-0.1993169,1.474267,1.613169,-0.01503168,1.57386,0.005144337,-0.1034932,-0.06421474,0.9925551,0.01735331,1.572696,0.008258595,-0.09526957,-0.06610887,0.9932539,-0.0455779,1.57453,0.002344542,-0.09526957,-0.06610887,0.9932539,-0.0141123,1.573613,0.005301569,3.790524,354.5211,358.334,0,3,False
4,Right_Head_Close,66,17.03999,-0.01221981,1.573094,0.005520512,-0.06675097,1.342211,0.1698953,-0.6787462,-0.09549571,-0.006701931,0.7281066,0.2444139,1.281723,0.3683215,0.2982012,0.04853326,0.1058004,-0.9473789,MathCanvas,-0.1814224,1.469802,1.609894,-0.01296062,1.573315,0.005467962,-0.08164312,-0.06861307,0.9942971,0.0193143,1.572412,0.007712266,-0.07067598,-0.07009748,0.9950333,-0.04375391,1.573777,0.003328758,-0.07067598,-0.07009748,0.9950333,-0.01221981,1.573094,0.005520512,4.019587,355.9372,358.7602,0,3,False
4,Right_Head_Close,67,17.05999,-0.010816,1.572986,0.005798761,-0.06682164,1.342233,0.1699038,-0.6787366,-0.09564985,-0.006547154,0.7280967,0.244394,1.28173,0.3683074,0.2986026,0.04861066,0.1060671,-0.9472187,MathCanvas,-0.1434298,1.462825,1.603471,-0.01221981,1.573094,0.005520512,-0.0706761,-0.07009748,0.9950333,0.02074685,1.572441,0.007576194,-0.0573197,-0.07217816,0.9957433,-0.04237886,1.57353,0.004021327,-0.0573197,-0.07217816,0.9957433,-0.010816,1.572986,0.005798761,4.139103,356.7054,359.0105,0,3,False
4,Right_Head_Close,68,17.07999,-0.008387059,1.572505,0.005989856,-0.0668998,1.342307,0.1699771,-0.6784315,-0.09594164,-0.006340947,0.7283446,0.244455,1.281709,0.3683221,0.29874,0.04870307,0.1063945,-0.947134,MathCanvas,-0.1241207,1.460609,1.600988,-0.009785662,1.572745,0.005898824,-0.04447398,-0.07378328,0.9962822,0.0232189,1.572221,0.006797694,-0.02615597,-0.07556815,0.9967976,-0.03999302,1.572788,0.005182018,-0.02615597,-0.07556815,0.9967976,-0.008387059,1.572505,0.005989856,4.333868,358.4969,359.4845,0,3,False
4,Right_Head_Close,69,17.09999,-0.007183973,1.572288,0.006035068,-0.06692823,1.342293,0.1700128,-0.6782706,-0.09593587,-0.00627717,0.7284957,0.2444883,1.281681,0.368399,0.2986152,0.04856165,0.1065385,-0.9471643,MathCanvas,-0.07925937,1.454926,1.593632,-0.008387059,1.572505,0.005989856,-0.02615596,-0.07556816,0.9967976,0.02443137,1.572148,0.006381762,-0.01127597,-0.07739688,0.9969366,-0.03879931,1.572428,0.005688373,-0.01127597,-0.07739688,0.9969366,-0.007183973,1.572288,0.006035068,4.438954,359.352,359.7449,0,3,False
4,Right_Head_Close,70,17.11999,-0.005987934,1.572031,0.006084504,-0.06696063,1.342253,0.1700547,-0.6780808,-0.09591191,-0.006230712,0.728676,0.2445443,1.281643,0.3685464,0.2982685,0.04836851,0.1068186,-0.9472519,MathCanvas,-0.04873699,1.452235,1.589613,-0.007183973,1.572288,0.006035068,-0.01127576,-0.07739688,0.9969366,0.02562944,1.572009,0.005982067,0.003176344,-0.07970619,0.9968134,-0.03760531,1.572052,0.006186941,0.003176344,-0.07970619,0.9968134,-0.005987934,1.572031,0.006084504,4.571678,0.1825722,359.9616,0,3,False
4,Right_Head_Close,71,17.13999,-0.00343293,1.571755,0.006236878,-0.0669743,1.342226,0.1700967,-0.6778237,-0.09595715,-0.006209161,0.7289093,0.2445904,1.281622,0.3686749,0.2978635,0.04814427,0.1070058,-0.9473696,MathCanvas,-0.02385521,1.449389,1.585806,-0.00475854,1.571952,0.00618825,0.01624403,-0.08265972,0.9964454,0.02816997,1.572005,0.005307196,0.0299679,-0.08470072,0.9959557,-0.03503583,1.571506,0.007166559,0.0299679,-0.08470072,0.9959557,-0.00343293,1.571755,0.006236878,4.858815,1.723487,0.4541519,0,3,False
4,Right_Head_Close,72,17.15999,-0.002342332,1.57156,0.00623693,-0.0669743,1.342226,0.1700967,-0.6778237,-0.09595715,-0.006209161,0.7289093,0.2445952,1.281621,0.3686878,0.2978013,0.04810081,0.1070248,-0.9473892,MathCanvas,0.02218702,1.441385,1.577822,-0.00343293,1.571755,0.006236878,0.0299679,-0.08470073,0.9959557,0.02924227,1.571953,0.004848366,0.04482915,-0.08650026,0.9952427,-0.03392694,1.571168,0.007625495,0.04482915,-0.08650026,0.9952427,-0.002342332,1.57156,0.00623693,4.962302,2.579056,0.7139938,0,3,False
4,Right_Head_Close,73,17.17999,2.207607E-05,1.571142,0.005966993,-0.06696454,1.342154,0.170103,-0.6775696,-0.09581696,-0.006235857,0.7291636,0.2444738,1.281671,0.368762,0.2974058,0.04783449,0.1069097,-0.94754,MathCanvas,0.0448662,1.438131,1.57517,-0.001087375,1.57134,0.006028519,0.06044186,-0.08793028,0.9942912,0.03154688,1.571841,0.003650266,0.0749706,-0.08941577,0.9931688,-0.03150273,1.570443,0.008283719,0.0749706,-0.08941577,0.9931688,2.207607E-05,1.571142,0.005966993,5.129998,4.316857,1.272533,0,3,False
4,Right_Head_Close,74,17.19999,0.001117834,1.571061,0.005875377,-0.06691493,1.342077,0.1701005,-0.6774518,-0.09556315,-0.006432261,0.7293047,0.2443899,1.281692,0.3688006,0.2971834,0.04777662,0.1068546,-0.9476189,MathCanvas,0.09484062,1.433201,1.565768,2.207607E-05,1.571142,0.005966993,0.07497059,-0.08941577,0.9931688,0.03261648,1.571849,0.003251602,0.08492579,-0.09094403,0.9922282,-0.03038081,1.570273,0.008499151,0.08492579,-0.09094403,0.9922282,0.001117834,1.571061,0.005875377,5.217919,4.892079,1.43407,0,3,False
4,Right_Head_Close,75,17.21999,0.002939832,1.57094,0.005788858,-0.06687388,1.342045,0.1700915,-0.6773713,-0.09541377,-0.006555628,0.729398,0.244355,1.281671,0.3688884,0.2968687,0.04771406,0.1067438,-0.9477332,MathCanvas,0.1186274,1.43091,1.562578,0.002112453,1.570975,0.005842454,0.09685647,-0.09206065,0.9910316,0.03437052,1.571984,0.002519035,0.106061,-0.0921365,0.9900818,-0.02849085,1.569896,0.00905868,0.106061,-0.0921365,0.9900818,0.002939832,1.57094,0.005788858,5.28653,6.114408,1.900095,0,3,False
4,Right_Head_Close,76,17.23999,0.003579852,1.570968,0.00577591,-0.06686148,1.342075,0.1700493,-0.6773013,-0.09533878,-0.006547604,0.7294729,0.2443592,1.281673,0.3688974,0.2968369,0.04765742,0.1066813,-0.947753,MathCanvas,0.1543865,1.426992,1.555386,0.002939832,1.57094,0.005788858,0.106061,-0.09213651,0.9900818,0.03498517,1.572082,0.002292519,0.1130065,-0.09236529,0.9892918,-0.02782547,1.569853,0.009259301,0.1130065,-0.09236529,0.9892918,0.003579852,1.570968,0.00577591,5.299695,6.516631,2.028204,0,3,False
4,Right_Head_Close,77,17.25999,0.004710682,1.570751,0.005671947,-0.06689222,1.342173,0.1700117,-0.6772299,-0.0956063,-0.006464065,0.7295049,0.2443494,1.281679,0.368876,0.2970763,0.04759921,0.1065276,-0.9476982,MathCanvas,0.1694768,1.426851,1.554428,0.004524454,1.570974,0.005777213,0.1225363,-0.09350541,0.9880494,0.03606911,1.571937,0.001810525,0.1251403,-0.09257638,0.9878105,-0.02664775,1.569564,0.00953337,0.1251403,-0.09257638,0.9878105,0.004710682,1.570751,0.005671947,5.311841,7.220029,2.160071,0,3,False
4,Right_Head_Close,78,17.27999,0.00516545,1.570868,0.005709299,-0.06689855,1.342182,0.1700123,-0.6772349,-0.09563269,-0.006443125,0.729497,0.2443466,1.281677,0.3688762,0.2970983,0.04760996,0.1065116,-0.9476925,MathCanvas,0.1961361,1.424677,1.549197,0.004710682,1.570751,0.005671947,0.1251403,-0.09257637,0.9878105,0.0364942,1.57214,0.001639843,0.131988,-0.09372257,0.9868106,-0.0261633,1.569596,0.009778755,0.131988,-0.09372257,0.9868106,0.00516545,1.570868,0.005709299,5.377801,7.618213,2.316277,0,3,False
4,Right_Head_Close,79,17.29999,0.005587541,1.570772,0.005672514,-0.06694024,1.342231,0.1700128,-0.6771516,-0.09590475,-0.00635304,0.7295393,0.2443516,1.281648,0.3689244,0.2970971,0.04762135,0.1064207,-0.9477026,MathCanvas,0.2010354,1.425967,1.551834,0.00516545,1.570868,0.005709299,0.131988,-0.09372258,0.9868106,0.03691473,1.572019,0.001583293,0.1325171,-0.0931651,0.9867925,-0.02573965,1.569525,0.009761734,0.1325171,-0.0931651,0.9867925,0.005587541,1.570772,0.005672514,5.345719,7.648534,2.270199,0,3,False
4,Right_Head_Close,80,17.31999,0.005919944,1.570794,0.005643732,-0.06699687,1.342271,0.1700231,-0.6769847,-0.09606554,-0.006216202,0.7296742,0.2443813,1.281558,0.3690475,0.2971187,0.04774013,0.106366,-0.947696,MathCanvas,0.2122879,1.423998,1.551072,0.005868159,1.570732,0.005669814,0.1349979,-0.09295037,0.9864764,0.03724278,1.572016,0.001513847,0.1337149,-0.0929222,0.9866538,-0.02540289,1.569571,0.009773618,0.1337149,-0.0929222,0.9866538,0.005919944,1.570794,0.005643732,5.331742,7.717913,2.224881,0,3,False
4,Right_Head_Close,81,17.33999,0.005833067,1.570834,0.005694459,-0.06701474,1.342299,0.1700356,-0.6769262,-0.09610212,-0.006174643,0.729724,0.2443811,1.281542,0.3690669,0.2971562,0.0477993,0.106386,-0.947679,MathCanvas,0.2175665,1.425068,1.552218,0.005919944,1.570794,0.005643732,0.1337149,-0.09292222,0.9866538,0.03716163,1.572036,0.001602291,0.1324565,-0.09258376,0.9868554,-0.0254955,1.569632,0.009786627,0.1324565,-0.09258376,0.9868554,0.005833067,1.570834,0.005694459,5.312266,7.644596,2.188279,0,3,False
4,Right_Head_Close,82,17.35999,0.005894128,1.570872,0.005785911,-0.0670125,1.342408,0.1700195,-0.6768995,-0.09611234,-0.006070375,0.7297484,0.2444147,1.281489,0.3691761,0.2968652,0.04795533,0.106362,-0.947765,MathCanvas,0.2163289,1.424555,1.558898,0.006537818,1.570751,0.005663479,0.1327579,-0.09239359,0.9868327,0.03726119,1.571939,0.001959729,0.1236475,-0.09182043,0.988069,-0.02547294,1.569806,0.009612094,0.1236475,-0.09182043,0.988069,0.005894128,1.570872,0.005785911,5.268343,7.132944,1.941226,0,3,False
4,Right_Head_Close,83,17.37999,0.005487323,1.570922,0.005867844,-0.06699707,1.342477,0.1699969,-0.6768635,-0.09615137,-0.00602052,0.729777,0.2444359,1.281471,0.3692116,0.2967404,0.04794896,0.1063399,-0.9478069,MathCanvas,0.2153658,1.425089,1.562858,0.005894128,1.570872,0.005785911,0.1236475,-0.09182043,0.988069,0.03688196,1.571877,0.002243666,0.1169426,-0.09150053,0.9889146,-0.02590731,1.569967,0.009492021,0.1169426,-0.09150053,0.9889146,0.005487323,1.570922,0.005867844,5.249938,6.744108,1.737886,0,3,False
4,Right_Head_Close,84,17.39999,0.003081293,1.570771,0.006073797,-0.06700005,1.342592,0.1699799,-0.6767207,-0.09638106,-0.005922419,0.72988,0.2444285,1.281433,0.3693437,0.2963774,0.04785313,0.1061434,-0.9479473,MathCanvas,0.2018873,1.425076,1.575303,0.005376198,1.570944,0.00591514,0.1131704,-0.09125116,0.9893764,0.03456554,1.571326,0.003227196,0.09128041,-0.09265326,0.9915056,-0.02840295,1.570215,0.008920398,0.09128041,-0.09265326,0.9915056,0.003081293,1.570771,0.006073797,5.316266,5.259962,1.011161,0,3,False
4,Right_Head_Close,85,17.41999,0.00226216,1.570687,0.00613471,-0.06700358,1.342597,0.1699805,-0.6767151,-0.09640086,-0.005910811,0.7298827,0.2444196,1.28143,0.3693594,0.2963449,0.04784501,0.106085,-0.9479644,MathCanvas,0.1838065,1.425049,1.586038,0.003081293,1.570771,0.006073797,0.09128042,-0.09265327,0.9915056,0.03377069,1.571118,0.003546983,0.08275995,-0.09265326,0.9922531,-0.02924637,1.570256,0.008722438,0.08275995,-0.09265326,0.9922531,0.00226216,1.570687,0.00613471,5.316266,4.767782,0.7850335,0,3,False
4,Right_Head_Close,86,17.43999,-0.0003864989,1.570917,0.006265953,-0.06689867,1.342706,0.1699398,-0.6766056,-0.09655206,-0.005973686,0.7299637,0.2444427,1.281372,0.3693771,0.2963119,0.04774721,0.1056413,-0.9480292,MathCanvas,0.1496451,1.421087,1.607038,0.0008964241,1.570934,0.006220995,0.06501672,-0.09314632,0.9935274,0.03119007,1.570928,0.004656604,0.05071608,-0.09191964,0.9944741,-0.03196307,1.570907,0.007875303,0.05071608,-0.09191964,0.9944741,-0.0003864989,1.570917,0.006265953,5.274052,2.919434,0.01945983,0,3,False
4,Right_Head_Close,87,17.45999,-0.002324503,1.571209,0.00628616,-0.06683148,1.342777,0.1698909,-0.6766688,-0.0966775,-0.006058723,0.7298877,0.2444356,1.281331,0.369363,0.2964456,0.04766344,0.1052835,-0.9480315,MathCanvas,0.1057379,1.418878,1.627967,-0.0003864989,1.570917,0.006265953,0.05071608,-0.09191965,0.9944741,0.02928124,1.570877,0.005488578,0.02417454,-0.09043032,0.9956093,-0.03393025,1.571541,0.007083741,0.02417454,-0.09043032,0.9956093,-0.002324503,1.571209,0.00628616,5.188364,1.390934,359.3958,0,3,False
4,Right_Head_Close,88,17.47999,-0.004325371,1.571365,0.006272717,-0.06682324,1.342804,0.1698737,-0.6767202,-0.09667884,-0.006096806,0.7298396,0.244417,1.281318,0.3693632,0.2964978,0.04763721,0.1051483,-0.9480314,MathCanvas,0.08122885,1.419774,1.644655,-0.002324503,1.571209,0.00628616,0.02417454,-0.09043033,0.9956093,0.02728689,1.570794,0.006183744,0.001200947,-0.08868349,0.9960591,-0.03593764,1.571937,0.00636169,0.001200947,-0.08868349,0.9960591,-0.004325371,1.571365,0.006272717,5.087874,0.06908142,358.9607,0,3,False
4,Right_Head_Close,89,17.49999,-0.008153738,1.571603,0.005814046,-0.0667703,1.342907,0.1697984,-0.6767931,-0.09675208,-0.006127794,0.7297621,0.2444057,1.281293,0.3693354,0.2963948,0.04747952,0.1046884,-0.9481225,MathCanvas,0.03596246,1.420659,1.665506,-0.006062667,1.571535,0.006259554,-0.01718837,-0.08763408,0.9960044,0.02340803,1.570438,0.007286158,-0.04954996,-0.08489739,0.9951569,-0.03971551,1.572768,0.004341934,-0.04954996,-0.08489739,0.9951569,-0.008153738,1.571603,0.005814046,4.870126,357.1495,357.8808,0,3,False
4,Right_Head_Close,90,17.51999,-0.01001302,1.571814,0.005669169,-0.06675621,1.342939,0.1697804,-0.6767819,-0.0967414,-0.006105531,0.7297741,0.2444066,1.281289,0.3693189,0.2963656,0.04746097,0.104525,-0.9481505,MathCanvas,-0.03733903,1.422804,1.696989,-0.008153738,1.571603,0.005814046,-0.04955009,-0.08489741,0.9951569,0.02149559,1.570355,0.007848445,-0.07261611,-0.08376102,0.9938365,-0.04152163,1.573272,0.003489893,-0.07261611,-0.08376102,0.9938365,-0.01001302,1.571814,0.005669169,4.804782,355.821,357.3462,0,3,False
4,Right_Head_Close,91,17.53999,-0.01405483,1.572113,0.005003154,-0.06672467,1.343077,0.169764,-0.6766276,-0.09668653,-0.006039262,0.7299249,0.2443904,1.281249,0.3692734,0.2965516,0.04766399,0.1041701,-0.9481212,MathCanvas,-0.09540695,1.425503,1.720702,-0.01200358,1.572005,0.005485051,-0.09384762,-0.08211315,0.9921946,0.01729139,1.570122,0.008625126,-0.1194082,-0.07959915,0.9896492,-0.04540104,1.574104,0.001381181,-0.1194082,-0.07959915,0.9896492,-0.01405483,1.572113,0.005003154,4.565525,353.1201,356.3774,0,3,False
4,Right_Head_Close,92,17.55999,-0.01601483,1.572178,0.004605899,-0.06674884,1.343134,0.1697949,-0.6764422,-0.09676646,-0.006007742,0.7300864,0.2443953,1.281225,0.3692678,0.2966027,0.04775667,0.1041203,-0.9481061,MathCanvas,-0.09540695,1.425503,1.720702,-0.01405483,1.572113,0.005003154,-0.119408,-0.07959915,0.9896493,0.01522072,1.569925,0.008957314,-0.143032,-0.07731082,0.9866939,-0.04725038,1.574431,0.000254483,-0.143032,-0.07731082,0.9866939,-0.01601483,1.572178,0.004605899,4.434009,351.7518,355.9018,0,3,False
4,Right_Head_Close,93,17.57999,-0.02003325,1.572578,0.003810079,-0.06682338,1.343168,0.1698187,-0.6763721,-0.09688586,-0.006011237,0.7301355,0.2444295,1.281188,0.3692737,0.2965338,0.04779914,0.104168,-0.9481203,MathCanvas,-0.09540695,1.425503,1.720702,-0.01796532,1.572391,0.004240292,-0.1665452,-0.07564826,0.9831277,0.0109279,1.569841,0.009605534,-0.1897223,-0.07291109,0.9791269,-0.0509944,1.575315,-0.001985376,-0.1897223,-0.07291109,0.9791269,-0.02003325,1.572578,0.003810079,4.181209,349.0339,355.0211,0,3,False
4,Right_Head_Close,94,17.59999,-0.02173671,1.572747,0.003508315,-0.06684651,1.343272,0.1697808,-0.6765587,-0.0970593,-0.006017476,0.7299395,0.2445118,1.281152,0.3693595,0.2962124,0.04780209,0.1043359,-0.9482021,MathCanvas,-0.09540695,1.425503,1.720702,-0.02003325,1.572578,0.003810079,-0.1897224,-0.07291111,0.9791269,0.009062586,1.569794,0.0100165,-0.2126584,-0.07003673,0.9746134,-0.05253602,1.575699,-0.002999867,-0.2126584,-0.07003673,0.9746134,-0.02173671,1.572747,0.003508315,4.016097,347.6911,354.6289,0,3,False
4,Right_Head_Close,95,17.61999,-0.02360849,1.573034,0.003142586,-0.06684358,1.343304,0.1697647,-0.6766228,-0.09711651,-0.006040469,0.7298723,0.2445381,1.281147,0.3693911,0.2961026,0.04777898,0.1043692,-0.9482339,MathCanvas,-0.09540695,1.425503,1.720702,-0.02173671,1.572747,0.003508315,-0.2126586,-0.07003674,0.9746134,0.00702347,1.569862,0.01030453,-0.2338334,-0.06828877,0.9698756,-0.05424045,1.576205,-0.004019354,-0.2338334,-0.06828877,0.9698756,-0.02360849,1.573034,0.003142586,3.915706,346.4449,354.2294,0,3,False
4,Right_Head_Close,96,17.63999,-0.02657022,1.57324,0.002249144,-0.06694601,1.343273,0.1699232,-0.6767189,-0.09714884,-0.0060222,0.729779,0.2445318,1.281224,0.3693986,0.2957738,0.04765755,0.1044235,-0.9483366,MathCanvas,-0.09540695,1.425503,1.720702,-0.02542514,1.573163,0.002723384,-0.2559313,-0.06526979,0.964489,0.003767436,1.569742,0.01043817,-0.2670771,-0.06552132,0.9614452,-0.05690787,1.576738,-0.005939881,-0.2670771,-0.06552132,0.9614452,-0.02657022,1.57324,0.002249144,3.756786,344.4754,353.6343,0,3,False
4,Right_Head_Close,97,17.65999,-0.02949231,1.573361,0.001428023,-0.06696267,1.343266,0.1699505,-0.676721,-0.09714473,-0.006003619,0.7297778,0.2445236,1.281234,0.3693959,0.2957331,0.0476355,0.1044046,-0.9483525,MathCanvas,-0.09540695,1.425503,1.720702,-0.02657022,1.57324,0.002249144,-0.267077,-0.06552133,0.9614452,0.0004609656,1.569509,0.01078917,-0.3048638,-0.06083645,0.950451,-0.05944558,1.577213,-0.007933125,-0.3048638,-0.06083645,0.950451,-0.02949231,1.573361,0.001428023,3.487825,342.216,352.9887,0,3,False
4,Right_Head_Close,98,17.67999,-0.03142031,1.573542,0.000957909,-0.06699955,1.343345,0.1699634,-0.6767437,-0.09713855,-0.005897731,0.7297584,0.2444972,1.28121,0.3693843,0.2958136,0.04777231,0.1040688,-0.9483575,MathCanvas,-0.09540695,1.425503,1.720702,-0.03037474,1.573421,0.001195841,-0.3103566,-0.06170399,0.9486155,-0.001676595,1.569509,0.01089327,-0.3236103,-0.06045167,0.9442574,-0.06116402,1.577576,-0.008977453,-0.3236103,-0.06045167,0.9442574,-0.03142031,1.573542,0.000957909,3.465739,341.0827,352.6571,0,3,False
4,Right_Head_Close,99,17.69999,-0.03232494,1.573821,0.0007213214,-0.06705028,1.343372,0.1699789,-0.676764,-0.09721768,-0.005805071,0.7297298,0.2444805,1.281212,0.3693717,0.2958715,0.04791111,0.1039986,-0.9483401,MathCanvas,-0.09540695,1.425503,1.720702,-0.03142031,1.573542,0.000957909,-0.32361,-0.06045168,0.9442574,-0.002667313,1.569727,0.01088668,-0.3309695,-0.05915566,0.9417854,-0.06198256,1.577915,-0.00944404,-0.3309695,-0.05915566,0.9417854,-0.03232494,1.573821,0.0007213214,3.39135,340.6371,352.5471,0,3,False
4,Right_Head_Close,100,17.71999,-0.03389288,1.574004,0.0003131088,-0.06714585,1.343365,0.170027,-0.6767678,-0.09737472,-0.0056725,0.7297064,0.2444553,1.281238,0.3693826,0.2958161,0.0479368,0.1038796,-0.9483691,MathCanvas,-0.09540695,1.425503,1.720702,-0.03292775,1.573772,0.0005706772,-0.3340829,-0.05751041,0.9407875,-0.004384482,1.569785,0.01085484,-0.343096,-0.05704241,0.9375667,-0.06340127,1.578222,-0.01022862,-0.343096,-0.05704241,0.9375667,-0.03389288,1.574004,0.0003131088,3.270065,339.9003,352.3199,0,3,False
4,Right_Head_Close,101,17.73999,-0.03383579,1.573933,0.0003982354,-0.06727301,1.343465,0.1700288,-0.6767874,-0.09768301,-0.005426791,0.7296488,0.2444765,1.281228,0.3694467,0.2955733,0.04790079,0.1038216,-0.948453,MathCanvas,-0.09540695,1.425503,1.720702,-0.03389288,1.574004,0.0003131088,-0.3430958,-0.05704241,0.9375668,-0.004271202,1.569799,0.01081549,-0.3388954,-0.05725686,0.9390802,-0.06340038,1.578066,-0.01001902,-0.3388954,-0.05725686,0.9390802,-0.03383579,1.573933,0.0003982354,3.282371,340.1565,352.4756,0,3,False
4,Right_Head_Close,102,17.75999,-0.03397168,1.573734,0.0004623225,-0.06752443,1.343524,0.1699872,-0.6768116,-0.09789979,-0.005135071,0.7295995,0.2444494,1.28123,0.3694705,0.295287,0.04784152,0.1037381,-0.9485543,MathCanvas,-0.09540695,1.425503,1.720702,-0.03411565,1.573913,0.00040532,-0.3429481,-0.05651861,0.9376525,-0.004414413,1.569614,0.01090538,-0.3395705,-0.05625978,0.9388965,-0.06352895,1.577855,-0.009980736,-0.3395705,-0.05625978,0.9388965,-0.03397168,1.573734,0.0004623225,3.225151,340.1165,352.4995,0,3,False
4,Right_Head_Close,103,17.77999,-0.03387831,1.573782,0.0005373769,-0.06770166,1.343514,0.1699547,-0.6767867,-0.09800243,-0.005020812,0.7296097,0.2444102,1.281243,0.3694663,0.2951255,0.04780053,0.1036755,-0.9486134,MathCanvas,-0.6584595,1.470817,1.70787,-0.03397168,1.573734,0.0004623225,-0.3395704,-0.05625978,0.9388966,-0.004267011,1.569683,0.01083499,-0.3350432,-0.05779783,0.9404284,-0.06348962,1.577881,-0.009760236,-0.3350432,-0.05779783,0.9404284,-0.03387831,1.573782,0.0005373769,3.313418,340.3907,352.539,0,3,False
4,Right_Head_Close,104,17.79999,-0.03350965,1.573753,0.0006688358,-0.06779183,1.343508,0.1699441,-0.6767561,-0.09803032,-0.004969378,0.7296346,0.2443875,1.281248,0.3694763,0.2950027,0.04768819,0.1035751,-0.9486682,MathCanvas,-0.6402326,1.473322,1.677079,-0.03387831,1.573782,0.0005373769,-0.3350435,-0.05779783,0.9404283,-0.003866905,1.569673,0.01088317,-0.332388,-0.05826737,0.9413412,-0.0631524,1.577832,-0.009545498,-0.332388,-0.05826737,0.9413412,-0.03350965,1.573753,0.0006688358,3.340366,340.5518,352.5734,0,3,False
4,Right_Head_Close,105,17.81999,-0.03307326,1.573721,0.0008379724,-0.06789191,1.343526,0.1699712,-0.6766081,-0.09812313,-0.004979611,0.7297592,0.244389,1.28126,0.3694824,0.2949965,0.04764826,0.1034698,-0.9486837,MathCanvas,-0.6254796,1.471633,1.66226,-0.03338182,1.573744,0.0007424941,-0.3324486,-0.05855399,0.9413019,-0.003239321,1.569825,0.01055505,-0.316352,-0.06142075,0.9466515,-0.0629072,1.577618,-0.008879105,-0.316352,-0.06142075,0.9466515,-0.03307326,1.573721,0.0008379724,3.521366,341.5214,352.9071,0,3,False
4,Right_Head_Close,106,17.83999,-0.03298321,1.573682,0.0008998979,-0.0678928,1.343529,0.1699684,-0.6766068,-0.09813199,-0.004987658,0.7297592,0.2443842,1.281271,0.3694695,0.2950061,0.04766615,0.1034647,-0.9486804,MathCanvas,-0.6156879,1.471106,1.650465,-0.03307326,1.573721,0.0008379724,-0.316352,-0.06142075,0.9466514,-0.00311758,1.569814,0.01053075,-0.3135865,-0.06202719,0.9475316,-0.06284884,1.577549,-0.008730959,-0.3135865,-0.06202719,0.9475316,-0.03298321,1.573682,0.0008998979,3.556179,341.688,352.9596,0,3,False
4,Right_Head_Close,107,17.85999,-0.02869428,1.573723,0.002252748,-0.06793758,1.343609,0.1699297,-0.6766059,-0.0982898,-0.005066898,0.7297382,0.244341,1.281339,0.3693955,0.2950555,0.04778523,0.1032867,-0.9486784,MathCanvas,-0.5763654,1.468182,1.626916,-0.02991505,1.573717,0.001826895,-0.2935217,-0.06250775,0.9539066,0.001506533,1.570214,0.01092833,-0.2823464,-0.06347113,0.9572105,-0.05889509,1.577233,-0.006422829,-0.2823464,-0.06347113,0.9572105,-0.02869428,1.573723,0.002252748,3.639075,343.5656,353.6146,0,3,False
4,Right_Head_Close,108,17.87999,-0.02775302,1.573725,0.002515497,-0.06794325,1.343614,0.1699292,-0.6766102,-0.09829361,-0.005068414,0.7297337,0.2443404,1.281338,0.3693968,0.2950578,0.04779074,0.1032709,-0.9486791,MathCanvas,-0.5247358,1.468087,1.614322,-0.02869428,1.573723,0.002252748,-0.2823462,-0.06347114,0.9572105,0.002535427,1.570328,0.01092636,-0.2736807,-0.06405986,0.959685,-0.05804147,1.577122,-0.005895365,-0.2736807,-0.06405986,0.959685,-0.02775302,1.573725,0.002515497,3.672874,344.083,353.8202,0,3,False
4,Right_Head_Close,109,17.89999,-0.02362773,1.573218,0.0031875,-0.06804924,1.343771,0.1699538,-0.6765401,-0.09863437,-0.004999135,0.7297533,0.2443067,1.281372,0.3693744,0.2949857,0.04770168,0.1029943,-0.9487361,MathCanvas,-0.4994692,1.467684,1.601729,-0.02533484,1.573454,0.002931899,-0.2416454,-0.0662007,0.9681038,0.007106917,1.570392,0.01004779,-0.2232503,-0.06735186,0.9724315,-0.05436237,1.576045,-0.003672793,-0.2232503,-0.06735186,0.9724315,-0.02362773,1.573218,0.0031875,3.861901,347.0701,354.8598,0,3,False
4,Right_Head_Close,110,17.91999,-0.02192948,1.573099,0.003326343,-0.0680931,1.343864,0.169991,-0.6764718,-0.09883805,-0.004814372,0.7297903,0.2443089,1.281404,0.3693443,0.2949738,0.04775297,0.1029932,-0.9487373,MathCanvas,-0.4198337,1.464675,1.590507,-0.02362773,1.573218,0.0031875,-0.2232501,-0.06735186,0.9724315,0.008969763,1.570511,0.009507719,-0.2012328,-0.06876424,0.9771268,-0.05282872,1.575687,-0.002855033,-0.2012328,-0.06876424,0.9771268,-0.02192948,1.573099,0.003326343,3.943012,348.363,355.294,0,3,False
4,Right_Head_Close,111,17.93999,-0.01823025,1.573032,0.004012959,-0.0682136,1.344001,0.1700448,-0.6763509,-0.09918595,-0.004659239,0.7298561,0.2443797,1.281401,0.3693385,0.2950231,0.04776571,0.1030521,-0.948715,MathCanvas,-0.3847697,1.463634,1.583784,-0.02020846,1.573199,0.003801072,-0.1846011,-0.07104243,0.9802426,0.01292603,1.570822,0.008919323,-0.1602194,-0.07343566,0.984346,-0.04938653,1.575242,-0.0008934042,-0.1602194,-0.07343566,0.984346,-0.01823025,1.573032,0.004012959,4.211344,350.7552,355.9813,0,3,False
4,Right_Head_Close,112,17.95999,-0.01627997,1.573019,0.004264452,-0.06822039,1.344039,0.170075,-0.6763028,-0.09936073,-0.004638352,0.7298771,0.2443962,1.28142,0.3693338,0.2950222,0.04771787,0.1030743,-0.9487153,MathCanvas,-0.3145075,1.459012,1.577262,-0.01823025,1.573032,0.004012959,-0.1602195,-0.07343565,0.9843459,0.01498994,1.571057,0.008508371,-0.138735,-0.07514286,0.9874746,-0.04754988,1.574982,2.05324E-05,-0.138735,-0.07514286,0.9874746,-0.01627997,1.573019,0.004264452,4.309432,352.0026,356.4312,0,3,False
4,Right_Head_Close,113,17.97999,-0.01424909,1.57278,0.00435182,-0.06817223,1.344081,0.1701308,-0.6762604,-0.09956665,-0.004609298,0.7298884,0.2443892,1.281468,0.36932,0.2950016,0.04764481,0.1030668,-0.9487262,MathCanvas,-0.271683,1.455957,1.573392,-0.01627997,1.573019,0.004264452,-0.1387349,-0.07514287,0.9874746,0.01713067,1.571065,0.007821575,-0.1137204,-0.07671784,0.9905463,-0.04562885,1.574495,0.0008820659,-0.1137204,-0.07671784,0.9905463,-0.01424909,1.57278,0.00435182,4.399931,353.4508,356.8815,0,3,False
4,Right_Head_Close,114,17.99999,-0.01047276,1.572497,0.004498004,-0.06811958,1.34411,0.1701872,-0.6762668,-0.09973548,-0.004592479,0.7298595,0.2444127,1.281493,0.3693017,0.2950173,0.04764337,0.1030168,-0.9487268,MathCanvas,-0.2343049,1.453591,1.570645,-0.01221514,1.572627,0.004462899,-0.0903068,-0.07813851,0.9928439,0.02105196,1.571237,0.00656512,-0.06836846,-0.07892073,0.9945337,-0.04199747,1.573758,0.002430888,-0.06836846,-0.07892073,0.9945337,-0.01047276,1.572497,0.004498004,4.526532,356.0674,357.708,0,3,False
4,Right_Head_Close,115,18.01999,-0.008614354,1.572506,0.004595084,-0.06808408,1.344137,0.1702087,-0.6763448,-0.09980495,-0.004604947,0.7297778,0.2444642,1.281466,0.3692994,0.2950464,0.04770033,0.1028707,-0.9487307,MathCanvas,-0.1523929,1.4497,1.564785,-0.01047276,1.572497,0.004498004,-0.06836844,-0.07892074,0.9945337,0.02295443,1.571427,0.005979648,-0.04647724,-0.08236136,0.9955182,-0.04018314,1.573585,0.003210519,-0.04647724,-0.08236136,0.9955182,-0.008614354,1.572506,0.004595084,4.72431,357.327,358.0376,0,3,False
4,Right_Head_Close,116,18.03999,-0.004957639,1.572315,0.004726708,-0.06806527,1.344119,0.1702575,-0.676361,-0.09977439,-0.004613057,0.7297668,0.2444409,1.281485,0.3693185,0.2950349,0.04766315,0.1028016,-0.9487436,MathCanvas,-0.1156594,1.448939,1.561744,-0.006818503,1.572253,0.004549923,-0.02594457,-0.08286104,0.9962233,0.02665269,1.571645,0.004820951,-0.0047827,-0.08559911,0.9963182,-0.03656797,1.572984,0.004632465,-0.0047827,-0.08559911,0.9963182,-0.004957639,1.572315,0.004726708,4.910477,359.725,358.7827,0,3,False
4,Right_Head_Close,117,18.05999,-0.003713758,1.572207,0.004552291,-0.06801166,1.34409,0.170364,-0.6763104,-0.09971377,-0.004550874,0.7298224,0.2444344,1.281527,0.3693825,0.2949075,0.04738217,0.1027431,-0.9488037,MathCanvas,-0.04535192,1.443305,1.555789,-0.004957639,1.572315,0.004726708,-0.004782509,-0.08559912,0.9963182,0.02789824,1.571769,0.004153355,0.01137897,-0.08604299,0.9962264,-0.03532575,1.572646,0.004951227,0.01137897,-0.08604299,0.9962264,-0.003713758,1.572207,0.004552291,4.936004,0.654408,359.2026,0,3,False
4,Right_Head_Close,118,18.07999,-0.0009814398,1.572034,0.004275754,-0.06795682,1.344126,0.1704051,-0.6762587,-0.09976163,-0.004428104,0.7298645,0.2445386,1.281532,0.3694119,0.2948987,0.04730892,0.1029487,-0.9487877,MathCanvas,-0.01114087,1.439274,1.551805,-0.001925569,1.571882,0.00446563,0.0312361,-0.08590628,0.9958134,0.03060484,1.571925,0.002874244,0.04385515,-0.08757565,0.9951921,-0.03256772,1.572143,0.005677264,0.04385515,-0.08757565,0.9951921,-0.0009814398,1.572034,0.004275754,5.024151,2.523221,359.8016,0,3,False
4,Right_Head_Close,119,18.09999,6.720424E-05,1.572148,0.00409447,-0.06795882,1.344149,0.1704235,-0.6762519,-0.09980476,-0.004396141,0.7298651,0.2445268,1.281553,0.3694254,0.2949275,0.04730589,0.1030269,-0.9487705,MathCanvas,0.04735903,1.439087,1.545382,-0.0009814398,1.572034,0.004275754,0.04385515,-0.08757565,0.9951921,0.03162794,1.572249,0.002202542,0.05988671,-0.08847294,0.9942767,-0.03149353,1.572047,0.005986397,0.05988671,-0.08847294,0.9942767,6.720424E-05,1.572148,0.00409447,5.075762,3.446843,0.1844385,0,3,False
4,Right_Head_Close,120,18.11999,0.001545851,1.57203,0.003964421,-0.06796066,1.34416,0.1704319,-0.676246,-0.09982301,-0.004394129,0.7298681,0.244521,1.281558,0.3694288,0.2949312,0.04730015,0.1030332,-0.9487689,MathCanvas,0.06784615,1.436798,1.542184,6.720424E-05,1.572148,0.00409447,0.05988671,-0.08847293,0.9942767,0.03307034,1.572297,0.001555127,0.07665116,-0.08886922,0.9930896,-0.02997864,1.571763,0.006373715,0.07665116,-0.08886922,0.9930896,0.001545851,1.57203,0.003964421,5.098558,4.413598,0.4861028,0,3,False
4,Right_Head_Close,121,18.13999,0.002893527,1.572159,0.003661366,-0.06794685,1.344252,0.1704865,-0.6762268,-0.09990177,-0.004364926,0.7298753,0.2445243,1.281615,0.3694983,0.2950096,0.04717134,0.1031545,-0.9487377,MathCanvas,0.09399059,1.435458,1.53879,0.002061383,1.572134,0.003741677,0.0827423,-0.08890612,0.9925973,0.03437246,1.572588,0.0007352454,0.09338991,-0.08882429,0.9916595,-0.02858541,1.57173,0.006587487,0.09338991,-0.08882429,0.9916595,0.002893527,1.572159,0.003661366,5.095973,5.379983,0.7803956,0,3,False
4,Right_Head_Close,122,18.15999,0.003567413,1.572275,0.003646915,-0.06799608,1.34439,0.1703953,-0.6762177,-0.09992822,-0.004386534,0.72988,0.2444919,1.281625,0.3695079,0.2950659,0.04712201,0.1031484,-0.9487234,MathCanvas,0.1304361,1.435116,1.533695,0.002893527,1.572159,0.003661366,0.09338992,-0.08882429,0.9916595,0.03502363,1.572743,0.0004914978,0.1007241,-0.08853591,0.9909672,-0.0278888,1.571806,0.006802333,0.1007241,-0.08853591,0.9909672,0.003567413,1.572275,0.003646915,5.079386,5.803736,0.8524557,0,3,False
4,Right_Head_Close,123,18.17999,0.004665736,1.572542,0.003619904,-0.06820302,1.344782,0.1700562,-0.6762828,-0.09989769,-0.004469675,0.7298234,0.2442871,1.281661,0.3695113,0.2951028,0.04693318,0.1030065,-0.9487367,MathCanvas,0.1475089,1.43537,1.532087,0.004210107,1.572449,0.003613969,0.1118431,-0.08856519,0.9897714,0.03608267,1.573153,0.0001166738,0.1120651,-0.08635522,0.9899415,-0.0267512,1.571931,0.007123135,0.1120651,-0.08635522,0.9899415,0.004665736,1.572542,0.003619904,4.95396,6.458601,1.11113,0,3,False
4,Right_Head_Close,124,18.19999,0.00506847,1.572565,0.003585242,-0.06821224,1.344797,0.1700433,-0.6763288,-0.09985769,-0.004474793,0.7297862,0.2442878,1.28166,0.3695211,0.2951121,0.04688654,0.1029371,-0.9487436,MathCanvas,0.176928,1.436132,1.528079,0.004665736,1.572542,0.003619904,0.1120651,-0.08635523,0.9899415,0.036459,1.573238,-0.0001365931,0.119114,-0.08529777,0.9892098,-0.02632206,1.571892,0.007307077,0.119114,-0.08529777,0.9892098,0.00506847,1.572565,0.003585242,4.893148,6.866118,1.223511,0,3,False
4,Right_Head_Close,125,18.21999,0.005386759,1.572604,0.003556785,-0.06825654,1.344869,0.1699628,-0.6764463,-0.09986694,-0.004528459,0.7296757,0.244285,1.281651,0.3695421,0.2953817,0.04683403,0.1029121,-0.948665,MathCanvas,0.1780415,1.439275,1.531565,0.005224656,1.572526,0.003533369,0.1204196,-0.08361674,0.9891953,0.03677921,1.573223,-0.000158146,0.1187275,-0.08319201,0.9894356,-0.0260057,1.571986,0.007271716,0.1187275,-0.08319201,0.9894356,0.005386759,1.572604,0.003556785,4.772066,6.842499,1.124945,0,3,False
4,Right_Head_Close,126,18.23999,0.005389556,1.572788,0.003590162,-0.06826443,1.344899,0.1699307,-0.6764699,-0.09986325,-0.004537907,0.7296542,0.2442762,1.281647,0.3695522,0.2954201,0.04681204,0.1029121,-0.9486542,MathCanvas,0.1913977,1.443442,1.531557,0.005386759,1.572604,0.003556785,0.1187275,-0.08319201,0.9894356,0.03676925,1.573423,-0.0002284329,0.1220386,-0.08328006,0.9890253,-0.02599014,1.572153,0.007408758,0.1220386,-0.08328006,0.9890253,0.005389556,1.572788,0.003590162,4.777129,7.034329,1.154012,0,3,False
4,Right_Head_Close,127,18.25999,0.005840649,1.57284,0.003424251,-0.06831645,1.344984,0.169832,-0.6765025,-0.09980968,-0.00454912,0.7296312,0.2442854,1.28163,0.3696018,0.2956382,0.04666963,0.1031023,-0.9485726,MathCanvas,0.1895945,1.443716,1.538694,0.005236023,1.572777,0.003432883,0.1180294,-0.08235977,0.9895887,0.03724911,1.573369,-0.000167131,0.1145872,-0.08214544,0.990011,-0.02556781,1.57231,0.007015632,0.1145872,-0.08214544,0.990011,0.005840649,1.57284,0.003424251,4.711896,6.602228,0.962917,0,3,False
4,Right_Head_Close,128,18.27999,0.005415879,1.572885,0.003393519,-0.0683423,1.344982,0.1698162,-0.676492,-0.0997524,-0.004569221,0.7296486,0.2443127,1.281625,0.3696173,0.2957852,0.04654536,0.1032316,-0.9485188,MathCanvas,0.1894214,1.444739,1.542611,0.005840649,1.57284,0.003424251,0.1145872,-0.08214544,0.990011,0.03684374,1.573359,-3.202655E-05,0.1092142,-0.08236196,0.9906002,-0.02601198,1.572411,0.006819065,0.1092142,-0.08236196,0.9906002,0.005415879,1.572885,0.003393519,4.724344,6.291479,0.8615355,0,3,False
4,Right_Head_Close,129,18.29999,0.004939917,1.572867,0.00338966,-0.06831232,1.34499,0.1697739,-0.6765511,-0.09968922,-0.00461182,0.7296022,0.244307,1.281631,0.369595,0.2960182,0.04649737,0.1033517,-0.9484354,MathCanvas,0.1847893,1.444295,1.553146,0.005415879,1.572885,0.003393519,0.1092142,-0.08236196,0.9906002,0.03638914,1.573289,0.0001588254,0.1029377,-0.0820544,0.9912976,-0.0265093,1.572446,0.006620494,0.1029377,-0.0820544,0.9912976,0.004939917,1.572867,0.00338966,4.706663,5.928425,0.7665938,0,3,False
4,Right_Head_Close,130,18.31999,0.003889568,1.572849,0.003378137,-0.06823816,1.345011,0.1696569,-0.6767144,-0.09963898,-0.00467892,0.7294573,0.244265,1.281639,0.369562,0.2963042,0.04638103,0.1034121,-0.9483452,MathCanvas,0.1766219,1.443396,1.560589,0.004679129,1.572889,0.003369424,0.09921657,-0.08180549,0.9916975,0.03537967,1.573146,0.0005577838,0.08967315,-0.08172707,0.9926124,-0.02760054,1.572551,0.006198489,0.08967315,-0.08172707,0.9926124,0.003889568,1.572849,0.003378137,4.687845,5.162119,0.5406268,0,3,False
4,Right_Head_Close,131,18.33999,0.003426403,1.572868,0.003359816,-0.06824269,1.345024,0.169626,-0.6766686,-0.09959342,-0.004638564,0.7295062,0.2442539,1.281637,0.369561,0.2963633,0.04639151,0.1034026,-0.9483272,MathCanvas,0.1606946,1.443561,1.570688,0.003889568,1.572849,0.003378137,0.08967316,-0.08172709,0.9926124,0.03493144,1.573113,0.0007061309,0.08428309,-0.08197793,0.9930639,-0.02807864,1.572623,0.006013501,0.08428309,-0.08197793,0.9930639,0.003426403,1.572868,0.003359816,4.702266,4.851168,0.4450128,0,3,False
4,Right_Head_Close,132,18.35999,0.001422049,1.572951,0.003435599,-0.06857526,1.345668,0.1695868,-0.6730955,-0.0994036,-0.001075547,0.7328439,0.2441761,1.281586,0.3695515,0.296613,0.04640734,0.1031219,-0.948279,MathCanvas,0.1463442,1.442614,1.58535,0.00216145,1.572813,0.003436828,0.07567108,-0.08199611,0.9937558,0.03296871,1.573036,0.00132123,0.06687087,-0.08119945,0.9944521,-0.03012461,1.572866,0.005549967,0.06687087,-0.08119945,0.9944521,0.001422049,1.572951,0.003435599,4.657515,3.847003,0.1548375,0,3,False
4,Right_Head_Close,133,18.37999,0.0008608727,1.573095,0.003474759,-0.06861556,1.345751,0.1695853,-0.6725482,-0.09949109,-0.0006916523,0.7333348,0.2441707,1.281581,0.3695515,0.2966277,0.04641786,0.1030877,-0.9482776,MathCanvas,0.12288,1.441341,1.598492,0.001422049,1.572951,0.003435599,0.06687088,-0.08119946,0.9944521,0.03241961,1.573113,0.001547143,0.06080885,-0.08140612,0.9948243,-0.03069786,1.573078,0.005402375,0.06080885,-0.08140612,0.9948243,0.0008608727,1.573095,0.003474759,4.669394,3.497864,0.03151425,0,3,False
4,Right_Head_Close,134,18.39999,-0.0002407432,1.573198,0.003730918,-0.06895996,1.346327,0.169548,-0.6700927,-0.1003061,0.001960006,0.7354663,0.2440413,1.281517,0.369538,0.296895,0.04650009,0.1024292,-0.9482613,MathCanvas,0.1090469,1.441728,1.612333,0.0001334436,1.573027,0.003563783,0.05148774,-0.07957323,0.9954984,0.03134647,1.573023,0.00235717,0.04286966,-0.07978328,0.99589,-0.03182795,1.573373,0.005104667,0.04286966,-0.07978328,0.99589,-0.0002407432,1.573198,0.003730918,4.576109,2.464866,359.6817,1,4,False
4,Right_Head_Close,135,18.41999,-0.001047208,1.573366,0.003812467,-0.06910247,1.346508,0.1695211,-0.6697547,-0.09999567,0.003089238,0.7358124,0.24394,1.281487,0.3695272,0.297093,0.04705821,0.1021741,-0.9481992,MathCanvas,0.0836339,1.443572,1.62542,-0.0002407432,1.573198,0.003730918,0.04286966,-0.07978328,0.99589,0.03054853,1.573115,0.002665441,0.03553056,-0.07962181,0.9961917,-0.03264295,1.573618,0.004959493,0.03553056,-0.07962181,0.9961917,-0.001047208,1.573366,0.003812467,4.566828,2.042668,359.5424,1,4,False
4,Right_Head_Close,136,18.43999,-0.00172865,1.573125,0.003651753,-0.06908461,1.346663,0.1695643,-0.6685899,-0.09963135,0.00394851,0.7369162,0.2439401,1.281463,0.3695005,0.2971965,0.04722139,0.1019636,-0.9481813,MathCanvas,0.06926739,1.442506,1.637264,-0.001047208,1.573366,0.003812467,0.03553056,-0.07962181,0.9961917,0.02987331,1.572756,0.002730281,0.02814496,-0.07803301,0.9965534,-0.03333061,1.573495,0.004573225,0.02814496,-0.07803301,0.9965534,-0.00172865,1.573125,0.003651753,4.475512,1.617734,359.3277,1,4,False
4,Right_Head_Close,137,18.45999,-0.003071071,1.573401,0.003605221,-0.06867334,1.346476,0.169571,-0.6686813,-0.09898731,0.003052179,0.7369244,0.2439889,1.281434,0.3695444,0.2970103,0.04708872,0.101725,-0.9482719,MathCanvas,0.05678874,1.441991,1.644342,-0.002386301,1.573398,0.003729718,0.02010635,-0.07829793,0.9967272,0.02854039,1.572946,0.003183375,0.01217269,-0.07852878,0.9968376,-0.03468253,1.573855,0.004027067,0.01217269,-0.07852878,0.9968376,-0.003071071,1.573401,0.003605221,4.504005,0.6996217,359.1732,1,4,False
4,Right_Head_Close,138,18.47999,-0.003563251,1.57336,0.00357671,-0.06860228,1.346431,0.1695507,-0.6690913,-0.09880327,0.002602402,0.7365786,0.2439976,1.281434,0.3695564,0.2969848,0.04704432,0.1017449,-0.94828,MathCanvas,0.03027546,1.443543,1.656686,-0.003071071,1.573401,0.003605221,0.01217269,-0.07852878,0.9968376,0.02804921,1.57282,0.003404051,0.004112112,-0.07795511,0.9969484,-0.03517571,1.573901,0.003749369,0.004112112,-0.07795511,0.9969484,-0.003563251,1.57336,0.00357671,4.471035,0.2363265,359.0174,1,4,False
4,Right_Head_Close,139,18.49999,-0.004736696,1.573511,0.003470462,-0.0671865,1.345514,0.1673494,-0.6831703,-0.09958359,-0.002152801,0.7234342,0.2441177,1.281463,0.3695337,0.2969725,0.04678974,0.1021747,-0.9482502,MathCanvas,0.01671094,1.442565,1.663873,-0.004278657,1.573323,0.003473088,-0.001971348,-0.07732195,0.9970042,0.02687344,1.572869,0.003709482,-0.009113678,-0.07757439,0.9969449,-0.03634683,1.574153,0.003231442,-0.009113678,-0.07757439,0.9969449,-0.004736696,1.573511,0.003470462,4.449155,359.4762,358.8332,1,4,False
4,Right_Head_Close,140,18.51999,-0.005366608,1.57335,0.003293813,-0.06702626,1.345449,0.1671161,-0.6843969,-0.09858939,-0.002126832,0.7224102,0.2441226,1.281466,0.3695253,0.29697,0.04678551,0.102187,-0.9482499,MathCanvas,-0.008039415,1.443973,1.673759,-0.004736696,1.573511,0.003470462,-0.009114072,-0.07757439,0.9969449,0.02624006,1.572654,0.003745311,-0.01591294,-0.07590036,0.9969884,-0.03697328,1.574046,0.002842314,-0.01591294,-0.07590036,0.9969884,-0.005366608,1.57335,0.003293813,4.352957,359.0856,358.7352,1,4,False
4,Right_Head_Close,141,18.53999,-0.006369226,1.573749,0.003280007,-0.06744777,1.345743,0.1679685,-0.6763356,-0.09695512,0.001435761,0.7301834,0.2442928,1.281474,0.3694901,0.2968076,0.04661055,0.1028503,-0.9482376,MathCanvas,-0.02067477,1.443056,1.677755,-0.005764872,1.573642,0.003314732,-0.02030084,-0.07728712,0.9968022,0.02523119,1.573029,0.004031954,-0.02547917,-0.07742966,0.9966722,-0.03796965,1.574468,0.002528061,-0.02547917,-0.07742966,0.9966722,-0.006369226,1.573749,0.003280007,4.440838,358.5356,358.6922,0,4,False
4,Right_Head_Close,142,18.55999,-0.006837152,1.573576,0.003174722,-0.06726244,1.34556,0.1677781,-0.677534,-0.09733668,0.0008013397,0.7290217,0.2443098,1.281471,0.3694941,0.2967916,0.04659548,0.1029206,-0.9482358,MathCanvas,-0.04060626,1.443406,1.684358,-0.006369226,1.573749,0.003280007,-0.02547927,-0.07742967,0.9966722,0.02475699,1.572806,0.004116451,-0.03155514,-0.07586633,0.9966186,-0.0384313,1.574346,0.002232993,-0.03155514,-0.07586633,0.9966186,-0.006837152,1.573576,0.003174722,4.351002,358.1865,358.6006,0,4,False
4,Right_Head_Close,143,18.57999,-0.007633172,1.573774,0.003099681,-0.06680266,1.346664,0.1669158,-0.6835009,-0.07795057,-0.00378501,0.7257657,0.2443585,1.281501,0.3694018,0.2968714,0.04660725,0.1031804,-0.9481819,MathCanvas,-0.04982024,1.442954,1.684544,-0.007046088,1.573687,0.003175907,-0.0352837,-0.07586124,0.9964939,0.02395127,1.572964,0.004298228,-0.03974762,-0.07559586,0.996346,-0.03921761,1.574584,0.001901134,-0.03974762,-0.07559586,0.996346,-0.007633172,1.573774,0.003099681,4.33546,357.7155,358.5276,0,4,False
4,Right_Head_Close,144,18.59999,-0.007933144,1.573838,0.003269099,-0.06850936,1.344862,0.1657454,-0.6985406,-0.1135677,0.01000177,0.70643,0.2443689,1.281509,0.3693413,0.2969761,0.04662744,0.1031674,-0.9481496,MathCanvas,-0.06732911,1.445425,1.689054,-0.007633172,1.573774,0.003099681,-0.03974785,-0.07559587,0.996346,0.02364792,1.573026,0.004551769,-0.04238586,-0.0746249,0.9963105,-0.03951421,1.574651,0.00198643,-0.04238586,-0.0746249,0.9963105,-0.007933144,1.573838,0.003269099,4.279671,357.5639,358.5229,0,4,False
4,Right_Head_Close,145,18.61999,-0.008273968,1.574002,0.003312724,-0.06950216,1.344621,0.1653917,-0.703429,-0.1162999,0.02079925,0.7008776,0.2443693,1.281506,0.369333,0.2969931,0.0466406,0.1031498,-0.9481455,MathCanvas,-0.07510859,1.446078,1.687135,-0.007933144,1.573838,0.003269099,-0.04238616,-0.0746249,0.9963105,0.02330107,1.573173,0.004726442,-0.04655989,-0.07463108,0.9961237,-0.03984901,1.574831,0.001899007,-0.04655989,-0.07463108,0.9961237,-0.008273968,1.574002,0.003312724,4.280025,357.3239,358.4928,0,4,False
